Date,Name,Year,Letterboxd URI,Rating
2022-08-20,The Basketball Diaries,1995,https://boxd.it/1WaO,4.5
2022-08-20,The Seventh Seal,1957,https://boxd.it/2ahO,5
2022-08-20,Catch Me If You Can,2002,https://boxd.it/29VS,3.5
2022-08-20,V for Vendetta,2005,https://boxd.it/29Ik,4
2022-08-20,Perfume: The Story of a Murderer,2006,https://boxd.it/28LW,4
2024-07-05,La Haine,1995,https://boxd.it/2as8,5
2024-07-05,The Face of Another,1966,https://boxd.it/1nso,5
2024-07-11,Good Will Hunting,1997,https://boxd.it/2ahY,4
2024-07-11,Ikiru,1952,https://boxd.it/251c,5
2024-08-10,2001: A Space Odyssey,1968,https://boxd.it/2bf0,5
2024-08-15,The Wolverine,2013,https://boxd.it/2CWU,3.5
2024-08-15,The Pale Blue Eye,2022,https://boxd.it/u8tk,4
2024-09-03,Scarface,1983,https://boxd.it/2b7g,3
2024-09-14,Full Metal Jacket,1987,https://boxd.it/2a1Q,4
2024-09-14,Kung Fu Panda,2008,https://boxd.it/1Yws,3.5
2024-09-14,No Country for Old Men,2007,https://boxd.it/21ew,3.5
2024-09-14,The Green Mile,1999,https://boxd.it/2agG,4
2024-09-14,Wild Strawberries,1957,https://boxd.it/29ZU,5
2024-09-15,Eternal Sunshine of the Spotless Mind,2004,https://boxd.it/6YK,3
2024-09-15,Parasite,2019,https://boxd.it/hTha,3.5
2024-09-15,Dune,2021,https://boxd.it/fA7G,3
2024-09-15,Grave of the Fireflies,1988,https://boxd.it/1RUM,4.5
2024-09-15,Puss in Boots: The Last Wish,2022,https://boxd.it/aaie,2.5
2024-09-15,The Lord of the Rings: The Fellowship of the Ring,2001,https://boxd.it/2b5O,4.5
2024-09-15,Star Wars: Episode I – The Phantom Menace,1999,https://boxd.it/27Vc,3
2024-09-15,The Lion King,1994,https://boxd.it/201Q,3
2024-09-15,Spider-Man: Across the Spider-Verse,2023,https://boxd.it/kSz4,3
2024-09-15,Whiplash,2014,https://boxd.it/7bQA,4.5
2024-09-15,Avengers: Infinity War,2018,https://boxd.it/9vEe,2
2024-09-15,Inglourious Basterds,2009,https://boxd.it/1JzG,3
2024-09-15,The Dark Knight Rises,2012,https://boxd.it/H3m,3
2024-09-15,Avengers: Endgame,2019,https://boxd.it/9vE4,2
2024-09-15,Joker,2019,https://boxd.it/h4cS,3.5
2024-09-15,3 Idiots,2009,https://boxd.it/1Dsa,3
2024-09-15,Toy Story 3,2010,https://boxd.it/1WRe,2.5
2024-09-15,The Wolf of Wall Street,2013,https://boxd.it/3C1m,3.5
2024-09-15,Jurassic Park,1993,https://boxd.it/2aA2,3
2024-09-19,Once Upon a Time... in Hollywood,2019,https://boxd.it/gH0O,3
2024-09-20,GoodFellas,1990,https://boxd.it/29FA,3
2024-11-05,Nightcrawler,2014,https://boxd.it/780m,4
2024-11-05,Spider-Man: Far From Home,2019,https://boxd.it/fegG,2
2024-11-14,Joker: Folie à Deux,2024,https://boxd.it/xBoE,2
2024-11-20,Prisoners,2013,https://boxd.it/4E5i,4
2024-11-30,Rush,2013,https://boxd.it/3lyS,3
2024-11-30,Manchester by the Sea,2016,https://boxd.it/b2L0,5
2024-12-08,Pawn Sacrifice,2014,https://boxd.it/7dlE,3
2024-12-14,There Will Be Blood,2007,https://boxd.it/20Z2,4.5
2024-12-14,Taxi Driver,1976,https://boxd.it/2b8y,3.5
2024-12-23,Stalker,1979,https://boxd.it/28PO,4.5
2025-01-14,Lawrence of Arabia,1962,https://boxd.it/2wRE,3
2025-01-14,X-Men: Days of Future Past,2014,https://boxd.it/4aRw,3
2025-01-14,Demolition,2015,https://boxd.it/9GuY,4
2025-01-14,Se7en,1995,https://boxd.it/29zs,4.5
2025-01-17,Little Women,1994,https://boxd.it/1YiU,4
2025-01-19,Barry Lyndon,1975,https://boxd.it/25A2,5
2025-04-06,The Usual Suspects,1995,https://boxd.it/29XE,4
2025-04-23,Her,2013,https://boxd.it/4O24,3
2025-04-26,Apocalypse Now,1979,https://boxd.it/6ZS,5
2025-05-05,"Paris, Texas",1984,https://boxd.it/29Ts,5
2025-05-10,Léon: The Professional,1994,https://boxd.it/2b8S,2
2025-05-21,The Banshees of Inisherin,2022,https://boxd.it/p7XS,3.5
2025-05-25,Harakiri,1962,https://boxd.it/1NTU,5
2025-06-07,Blade Runner,1982,https://boxd.it/2bcA,3.5
2025-06-15,Top Gun: Maverick,2022,https://boxd.it/cjr4,0.5
2025-07-15,Oldboy,2003,https://boxd.it/29R2,4.5
2025-07-23,Vertigo,1958,https://boxd.it/2apI,4
2025-08-19,The Thing,1982,https://boxd.it/294O,4
2025-08-19,The Fire Within,1963,https://boxd.it/26AM,4.5
2025-08-21,The Grand Budapest Hotel,2014,https://boxd.it/3ZqO,4.5
2025-08-28,The Dark Knight,2008,https://boxd.it/2b0k,4
2025-08-31,Stay,2005,https://boxd.it/20BE,3.5
2025-09-01,300,2006,https://boxd.it/28XI,2.5
2025-09-02,The Pianist,2002,https://boxd.it/2aqc,3.5
2025-09-13,Black Swan,2010,https://boxd.it/Sw0,3.5
2025-09-13,The Assassination of Jesse James by the Coward Robert Ford,2007,https://boxd.it/24dG,5
2025-09-13,The Lord of the Rings: The Return of the King,2003,https://boxd.it/2b5u,4.5
2025-09-13,The Godfather,1972,https://boxd.it/2aNK,4.5
2025-09-14,Zodiac,2007,https://boxd.it/27MO,4
2025-09-25,It has to be lived once and dreamed twice,2019,https://boxd.it/loGQ,5
2025-09-25,Eyes Wide Shut,1999,https://boxd.it/2axs,4.5
2025-09-25,Winter Light,1963,https://boxd.it/1nrU,4.5
2025-09-26,Inside,2012,https://boxd.it/3tPi,4
2025-09-26,The Wild Pear Tree,2018,https://boxd.it/eMtM,4
2025-09-26,Sound of Metal,2019,https://boxd.it/i7Q4,3.5
2025-10-01,Schindler's List,1993,https://boxd.it/2aq2,4.5
2025-10-03,Before Sunrise,1995,https://boxd.it/2bcU,3.5
2025-10-05,The Silence of the Lambs,1991,https://boxd.it/2aHW,4
2025-10-06,Isle of Dogs,2018,https://boxd.it/dZrW,4.5
2025-10-06,Trainspotting,1996,https://boxd.it/29XY,4
2025-10-08,The Lighthouse,2019,https://boxd.it/icFU,4.5
2025-10-09,Persona,1966,https://boxd.it/29B4,4.5
2025-10-09,Bullet Train,2022,https://boxd.it/qW26,3
2025-10-11,The Elephant Man,1980,https://boxd.it/27LQ,4
2025-10-11,Free Guy,2021,https://boxd.it/k8dm,2
2025-10-11,X-Men: Apocalypse,2016,https://boxd.it/7eJi,2
2025-10-11,Inside Out 2,2024,https://boxd.it/CFrC,2.5
2025-10-11,A Clockwork Orange,1971,https://boxd.it/2aVE,4
2025-10-12,Little Miss Sunshine,2006,https://boxd.it/29EW,3
2025-10-12,Hour of the Wolf,1968,https://boxd.it/1H9G,4
2025-10-12,Terminator 2: Judgment Day,1991,https://boxd.it/2aGY,3.5
2025-10-12,WALL·E,2008,https://boxd.it/1VEo,3.5
2025-10-13,Casablanca,1942,https://boxd.it/2aG0,4.5
2025-10-15,My Father and My Son,2005,https://boxd.it/1QgQ,4
2025-10-15,Ayla: The Daughter of War,2017,https://boxd.it/gWyw,3
2025-10-15,Mommy,2014,https://boxd.it/7Uau,4
2025-10-15,Kolpaçino: Bomba,2011,https://boxd.it/2Bv4,2.5
2025-10-15,Miracle in Cell No. 7,2019,https://boxd.it/nFrM,3
2025-10-15,Arif V 216,2018,https://boxd.it/g48u,3
2025-10-15,A.R.O.G,2008,https://boxd.it/1xGg,3
2025-10-15,G.O.R.A.,2004,https://boxd.it/1sau,3
2025-10-15,Magic Carpet Ride,2005,https://boxd.it/1kV8,2.5
2025-10-15,Money Trap,2019,https://boxd.it/lfkw,2
2025-10-15,Iftar Soda,2016,https://boxd.it/df5q,2.5
2025-10-15,Bird Box,2018,https://boxd.it/eh1i,2
2025-10-15,How to Train Your Dragon,2010,https://boxd.it/1WRy,3.5
2025-10-15,Megamind,2010,https://boxd.it/16Sk,2.5
2025-10-15,Finding Nemo,2003,https://boxd.it/72i,3
2025-10-15,Ice Age: Dawn of the Dinosaurs,2009,https://boxd.it/20iC,3
2025-10-15,Ice Age: Continental Drift,2012,https://boxd.it/lQ2,2
2025-10-15,Toy Story,1995,https://boxd.it/29qA,3
2025-10-15,"Monsters, Inc.",2001,https://boxd.it/2a46,3
2025-10-16,Into the Wild,2007,https://boxd.it/22m2,3
2025-10-18,Come and See,1985,https://boxd.it/1w9q,5
2025-10-19,Jaws,1975,https://boxd.it/2a5e,3.5
2025-10-21,Fantastic Mr. Fox,2009,https://boxd.it/1WyQ,4
2025-10-24,The Hobbit: An Unexpected Journey,2012,https://boxd.it/GZk,3.5
2025-11-01,Brokeback Mountain,2005,https://boxd.it/2b2q,3.5
2025-11-01,The Martian,2015,https://boxd.it/8SeG,3
2025-11-02,Coco,2017,https://boxd.it/bYJQ,3.5
2025-11-03,Paths of Glory,1957,https://boxd.it/29b6,5
2025-11-03,Home Alone 2: Lost in New York,1992,https://boxd.it/29F6,3
2025-11-05,The Purge,2013,https://boxd.it/4Xg0,2
2025-11-07,Texas Chainsaw Massacre,2022,https://boxd.it/ns6c,0.5
2025-11-07,Bolt,2008,https://boxd.it/1QXg,2.5
2025-11-07,Up,2009,https://boxd.it/1OEc,3
2025-11-07,Harry Potter and the Chamber of Secrets,2002,https://boxd.it/29QI,2.5
2025-11-07,Harry Potter and the Prisoner of Azkaban,2004,https://boxd.it/29Qy,3
2025-11-07,Harry Potter and the Goblet of Fire,2005,https://boxd.it/29Qo,2.5
2025-11-07,Harry Potter and the Order of the Phoenix,2007,https://boxd.it/29Qe,2.5
2025-11-07,Harry Potter and the Half-Blood Prince,2009,https://boxd.it/29FU,2.5
2025-11-07,Harry Potter and the Deathly Hallows: Part 2,2011,https://boxd.it/1RYk,3
2025-11-07,Madagascar,2005,https://boxd.it/29dc,3.5
2025-11-07,Madagascar: Escape 2 Africa,2008,https://boxd.it/1W2K,2
2025-11-07,Madagascar 3: Europe's Most Wanted,2012,https://boxd.it/2NF6,2.5
2025-11-07,Alvin and the Chipmunks,2007,https://boxd.it/21E0,2.5
2025-11-07,Alvin and the Chipmunks: The Squeakquel,2009,https://boxd.it/1zgk,2
2025-11-07,Alvin and the Chipmunks: Chipwrecked,2011,https://boxd.it/s9E,2.5
2025-11-07,X-Men,2000,https://boxd.it/1a7s,3.5
2025-11-07,Deadpool 2,2018,https://boxd.it/dlLM,3
2025-11-07,Deadpool & Wolverine,2024,https://boxd.it/jq8s,3
2025-11-07,Cloudy with a Chance of Meatballs,2009,https://boxd.it/1A40,3
2025-11-07,Alien,1979,https://boxd.it/2awY,4
2025-11-09,In Time,2011,https://boxd.it/FPS,2.5
2025-11-10,At the Bar,2007,https://boxd.it/1r7O,3
2025-11-11,Anatomy of a Fall,2023,https://boxd.it/yuDE,4
2025-11-12,Amélie,2001,https://boxd.it/2aUc,3
2025-11-14,The Secret Life of Pets,2016,https://boxd.it/aJ5E,2
2025-11-16,Passengers,2016,https://boxd.it/8lFu,2.5
2025-11-17,The Platform,2019,https://boxd.it/mUm6,3
2025-11-17,La La Land,2016,https://boxd.it/a5fa,4.5
2025-11-23,City of God,2002,https://boxd.it/2a2a,4.5
2025-11-23,Basic Instinct,1992,https://boxd.it/2asM,3.5
2025-11-23,The Dictator,2012,https://boxd.it/2DEW,1.5
2025-11-23,Fractured,2019,https://boxd.it/kPL2,3
2025-11-24,Kill Bill: Vol. 1,2003,https://boxd.it/70w,4
2025-11-24,Kill Bill: Vol. 2,2004,https://boxd.it/2au4,3.5
2025-11-24,Inside Out,2015,https://boxd.it/4KHC,3.5
2025-11-24,Cars,2006,https://boxd.it/29ho,3.5
2025-11-24,X-Men: First Class,2011,https://boxd.it/FOA,3.5
2025-11-27,Free Solo,2018,https://boxd.it/iEEq,3
2025-11-27,Monster House,2006,https://boxd.it/1Z2e,2.5
2025-11-28,Ready Player One,2018,https://boxd.it/aZes,1.5
2025-11-30,Saving Private Ryan,1998,https://boxd.it/29ro,3.5
2025-12-01,The Revenant,2015,https://boxd.it/8H5e,4
2025-12-02,Midsommar,2019,https://boxd.it/jhxe,4
2025-12-03,Society of the Snow,2023,https://boxd.it/y9aw,3.5
2025-12-05,Scent of a Woman,1992,https://boxd.it/1YAu,3
2025-12-05,Porco Rosso,1992,https://boxd.it/1Tp2,3.5
2025-12-07,Tony Robbins: I Am Not Your Guru,2016,https://boxd.it/d4Yu,0.5
2025-12-11,The Shining,1980,https://boxd.it/29Nu,4.5
2025-12-15,What's Eating Gilbert Grape,1993,https://boxd.it/28xg,3.5
2025-12-16,The Big Short,2015,https://boxd.it/ajZw,3
2025-12-18,Who Am I,2014,https://boxd.it/8ND2,2
2025-12-20,The Guilty,2018,https://boxd.it/hw9i,3.5
2025-12-20,The Guilty,2021,https://boxd.it/kOPW,1
2025-12-26,Once Upon a Time in America,1984,https://boxd.it/2aCs,5
2025-12-27,Equilibrium,2002,https://boxd.it/211s,2.5
2025-12-27,Spider-Man,2002,https://boxd.it/2a8i,3
2025-12-27,Spider-Man 2,2004,https://boxd.it/2a88,3
2025-12-27,Logan,2017,https://boxd.it/7Piy,2.5
2025-12-27,Rango,2011,https://boxd.it/QPk,3.5
2025-12-27,Kung Fu Panda 2,2011,https://boxd.it/G36,3.5
2025-12-27,Spider-Man: Into the Spider-Verse,2018,https://boxd.it/azpY,3
2025-12-27,Spider-Man: No Way Home,2021,https://boxd.it/nwRw,3
2025-12-27,The Amazing Spider-Man,2012,https://boxd.it/27PI,2.5
2025-12-27,Big Hero 6,2014,https://boxd.it/5rje,2.5
2025-12-27,Spider-Man 3,2007,https://boxd.it/2a7Y,3
2025-12-27,The Terminator,1984,https://boxd.it/2aQY,3
2025-12-27,Alphaville,1965,https://boxd.it/20AG,3
2025-12-31,12 Angry Men,1957,https://boxd.it/2auI,4.5
2025-12-31,The Shawshank Redemption,1994,https://boxd.it/2aHi,4
2025-12-31,Interstellar,2014,https://boxd.it/4VZ8,3.5
2025-12-31,The Lord of the Rings: The Two Towers,2002,https://boxd.it/2b5E,4
2025-12-31,Donnie Darko,2001,https://boxd.it/2b2A,4.5
2025-12-31,Seven Samurai,1954,https://boxd.it/2axi,4.5
2026-01-01,After Hours,1985,https://boxd.it/1VfS,3.5
2026-01-01,Kung Fu Panda 3,2016,https://boxd.it/4uRQ,3
2026-01-01,Dogville,2003,https://boxd.it/2a8W,4
2026-01-03,Funny Games,1997,https://boxd.it/1WKM,3.5
2026-01-05,The Hateful Eight,2015,https://boxd.it/8gw8,3.5
2026-01-12,Titanic,1997,https://boxd.it/2a2k,0.5
2026-01-15,It,2017,https://boxd.it/bC8e,1
2026-01-16,Lucy,2014,https://boxd.it/75hu,2.5
2026-01-17,Upgrade,2018,https://boxd.it/i4gW,2
2026-01-17,10 Things I Hate About You,1999,https://boxd.it/23AO,2.5
2026-01-17,Diary of a Wimpy Kid: Rodrick Rules,2011,https://boxd.it/gm2,2
2026-01-17,Diary of a Wimpy Kid,2010,https://boxd.it/1fUa,2
2026-01-17,Raging Bull,1980,https://boxd.it/28yI,3.5
2026-01-17,Falcon Lake,2022,https://boxd.it/zHkW,3
2026-01-18,The Human Condition I: No Greater Love,1959,https://boxd.it/1jAy,3.5
2026-01-18,The Human Condition II: Road to Eternity,1959,https://boxd.it/1dJa,4
2026-01-19,The Human Condition III: A Soldier's Prayer,1961,https://boxd.it/1dIQ,4.5
2026-01-23,The Game,1997,https://boxd.it/26vC,3
2026-01-25,Angst,1983,https://boxd.it/1G46,4
2026-01-25,Capernaum,2018,https://boxd.it/iM3s,3
2026-01-27,Django Unchained,2012,https://boxd.it/2cCk,4
2026-01-27,Blue Velvet,1986,https://boxd.it/29BI,4
2026-01-31,The Fall,2006,https://boxd.it/1NoM,4
2026-01-31,Bugonia,2025,https://boxd.it/qeWY,3.5
2026-01-31,Bronson,2008,https://boxd.it/1GM8,2.5
2026-02-01,The Theory of Everything,2014,https://boxd.it/7YtA,2
2026-02-01,The Godfather Part II,1974,https://boxd.it/2aNq,4.5
2026-02-01,Citizen Kane,1941,https://boxd.it/71O,4
2026-02-01,Dead Poets Society,1989,https://boxd.it/2aSg,4
2026-02-01,One Flew Over the Cuckoo's Nest,1975,https://boxd.it/2aeA,3.5
2026-02-02,The Hourglass Sanatorium,1973,https://boxd.it/OUW,4.5
2026-02-02,Requiem for a Dream,2000,https://boxd.it/29VI,4.5
2026-02-03,Fury,2014,https://boxd.it/6JwC,3.5
2026-02-03,Kolpaçino,2009,https://boxd.it/EBU,3.5
2026-02-03,Asteroid City,2023,https://boxd.it/s3ds,3.5
2026-02-03,Captain Fantastic,2016,https://boxd.it/b2K2,3.5
2026-02-03,Wreck-It Ralph,2012,https://boxd.it/2TTS,2
2026-02-03,Incredibles 2,2018,https://boxd.it/7IPg,2.5
2026-02-03,Ice Age: The Meltdown,2006,https://boxd.it/2wRk,2.5
2026-02-03,How to Train Your Dragon: The Hidden World,2019,https://boxd.it/5a9w,2
2026-02-03,"The Chronicles of Narnia: The Lion, the Witch and the Wardrobe",2005,https://boxd.it/2ark,2
2026-02-03,Maleficent,2014,https://boxd.it/3v1u,1.5
2026-02-03,Ratatouille,2007,https://boxd.it/27ww,2.5
2026-02-03,Night at the Museum,2006,https://boxd.it/28wi,2
2026-02-05,Suicide Squad,2016,https://boxd.it/9row,0.5
2026-02-07,Ice Age,2002,https://boxd.it/2apS,3
2026-02-07,Despicable Me,2010,https://boxd.it/1DD8,2.5
2026-02-07,Cars 3,2017,https://boxd.it/7IPq,1.5
2026-02-07,Uncut Gems,2019,https://boxd.it/gXGc,4
2026-02-07,The Texas Chain Saw Massacre,1974,https://boxd.it/1lcS,3.5
2026-02-07,The Hobbit: The Desolation of Smaug,2013,https://boxd.it/nmS,3.5
2026-02-07,Batman Begins,2005,https://boxd.it/2aIg,3.5
2026-02-07,Star Wars: Episode II – Attack of the Clones,2002,https://boxd.it/27V2,3
2026-02-07,Southpaw,2015,https://boxd.it/9Phu,2.5
2026-02-07,Toy Story 2,1999,https://boxd.it/29qq,2.5
2026-02-07,X-Men: The Last Stand,2006,https://boxd.it/1a5Q,1.5
2026-02-07,Harry Potter and the Deathly Hallows: Part 1,2010,https://boxd.it/1RYu,2.5
2026-02-07,Ran,1985,https://boxd.it/1Tlu,4.5
2026-02-08,Star Wars: The Rise of Skywalker,2019,https://boxd.it/5xlK,0.5
2026-02-08,Shazam!,2019,https://boxd.it/8WBu,0.5
2026-02-08,Bee Movie,2007,https://boxd.it/22Vw,1
2026-02-08,Death Note,2017,https://boxd.it/bOS4,0.5
2026-02-08,Uncharted,2022,https://boxd.it/b5Dy,1
2026-02-08,Avatar,2009,https://boxd.it/1Efm,0.5
2026-02-08,Thor: Ragnarok,2017,https://boxd.it/8MHi,2
2026-02-08,The Truman Show,1998,https://boxd.it/18U8,3.5
2026-02-08,The Conjuring,2013,https://boxd.it/4sr2,2.5
2026-02-08,Rise of the Planet of the Apes,2011,https://boxd.it/cS4,3
2026-02-08,Dawn of the Planet of the Apes,2014,https://boxd.it/3XyQ,2.5
2026-02-08,War for the Planet of the Apes,2017,https://boxd.it/8FE2,2
2026-02-08,Saw,2004,https://boxd.it/2aWW,2.5
2026-02-08,Mulholland Drive,2001,https://boxd.it/297o,4.5
2026-02-08,The Boy in the Striped Pyjamas,2008,https://boxd.it/1NOK,3
2026-02-08,Naked,1993,https://boxd.it/1BT4,5
2026-02-09,Manic,2001,https://boxd.it/1MOE,5
2026-02-09,The Hunt,2012,https://boxd.it/3wEC,4.5
2026-02-10,Alone,2008,https://boxd.it/1qAK,0.5
2026-02-10,Fight Club,1999,https://boxd.it/2a9q,4
2026-02-10,Perfect Days,2023,https://boxd.it/ATh8,4
2026-02-11,Memories of Murder,2003,https://boxd.it/1TSo,4.5
2026-02-11,The Man from Earth,2007,https://boxd.it/1Ql2,4
2026-02-11,The Fast and the Furious,2001,https://boxd.it/1XMu,3
2026-02-11,The Fast and the Furious: Tokyo Drift,2006,https://boxd.it/1Yeo,3
2026-02-12,The Prestige,2006,https://boxd.it/293w,3.5
2026-02-14,Sully,2016,https://boxd.it/cD8Q,2.5
2026-02-14,8 Mile,2002,https://boxd.it/2bew,3
2026-02-14,Rocky,1976,https://boxd.it/28Uk,3
2026-02-14,Rambo,2008,https://boxd.it/20Pc,3
2026-02-14,Fifty Shades of Grey,2015,https://boxd.it/6qLo,0.5
2026-02-14,Decalogue I,1989,https://boxd.it/3WmE,4
2026-02-14,Decalogue II,1989,https://boxd.it/C8Q,3
2026-02-15,Teenage Mutant Ninja Turtles,2014,https://boxd.it/3oAs,1
2026-02-15,Sansho the Bailiff,1954,https://boxd.it/1Dkq,3.5
2026-02-15,The Hobbit: The Battle of the Five Armies,2014,https://boxd.it/43aU,3
2026-02-15,Where the Dead Go to Die,2012,https://boxd.it/5euI,0.5
2026-02-16,Chekist,1992,https://boxd.it/3XuY,5
2026-02-16,Memento,2000,https://boxd.it/2bcK,4.5
2026-02-16,Don Jon,2013,https://boxd.it/4sdk,1.5
2026-02-17,John Wick,2014,https://boxd.it/7dEc,2
2026-02-17,Some Like It Hot,1959,https://boxd.it/2aNA,2
2026-02-17,The Foster Brothers,1976,https://boxd.it/1jb4,2
2026-02-17,The King of the Street Cleaners,1977,https://boxd.it/2Pli,3.5
2026-02-18,American History X,1998,https://boxd.it/2bdo,3.5
2026-02-18,Detachment,2011,https://boxd.it/2BiY,3.5
2026-02-18,Man of Steel,2013,https://boxd.it/FRk,2.5
2026-02-18,Spider-Man: Homecoming,2017,https://boxd.it/aboM,2.5
2026-02-19,Fantastic Four,2005,https://boxd.it/1XVw,1
2026-02-19,Green Lantern,2011,https://boxd.it/QN4,0.5
2026-02-20,Decalogue III,1989,https://boxd.it/3Wmu,2.5
2026-02-20,Vivre Sa Vie,1962,https://boxd.it/28s6,4
2026-02-20,Drive,2011,https://boxd.it/IG,3.5
2026-02-20,Sausage Party,2016,https://boxd.it/6CCe,0.5
2026-02-20,The Human Centipede (First Sequence),2009,https://boxd.it/18Tu,1
2026-02-20,Baby Driver,2017,https://boxd.it/bhF2,2.5
2026-02-21,Turbo,2013,https://boxd.it/2Hzw,1.5
2026-02-21,Frozen,2013,https://boxd.it/3GNa,2
2026-02-21,John Wick: Chapter 2,2017,https://boxd.it/ayGu,2
2026-02-21,Doctor Strange,2016,https://boxd.it/8MH8,2.5
2026-02-21,Irreversible,2002,https://boxd.it/29as,3.5
2026-02-21,The Masked Gang,2005,https://boxd.it/3H1m,0.5
2026-02-21,Kutsal Damacana,2007,https://boxd.it/wTw,1.5
2026-02-21,Johnny Got His Gun,1971,https://boxd.it/1KkM,3
2026-02-21,One Battle After Another,2025,https://boxd.it/DUHM,4
2026-02-22,Fargo,1996,https://boxd.it/2aHM,2.5
2026-02-22,Gladiator II,2024,https://boxd.it/kqQQ,2.5
2026-02-22,"The Good, the Bad and the Ugly",1966,https://boxd.it/2ape,4
2026-02-22,Loving Vincent,2017,https://boxd.it/biIQ,4
2026-02-22,Lilya 4-ever,2002,https://boxd.it/1SyW,4.5
2026-02-23,Alice in Wonderland,2010,https://boxd.it/1Spq,2
2026-02-23,Law Abiding Citizen,2009,https://boxd.it/1A2I,2.5
2026-02-23,My Dinner with Andre,1981,https://boxd.it/1vLe,4.5
2026-02-23,Sinners,2025,https://boxd.it/KQMM,1
2026-02-24,Your Name.,2016,https://boxd.it/cUqs,2
2026-02-24,The Beekeeper,2024,https://boxd.it/wJzS,0.5
2026-02-24,The Mountain,2012,https://boxd.it/7f6G,2.5
2026-02-24,Le Samouraï,1967,https://boxd.it/22ZI,4
2026-02-24,Schramm,1993,https://boxd.it/130k,2
2026-02-25,High and Low,1963,https://boxd.it/1RSc,4.5
2026-02-25,Possession,1981,https://boxd.it/1BPm,2.5
2026-02-25,The Perks of Being a Wallflower,2012,https://boxd.it/2ZA8,3
2026-02-26,La Jetée,1962,https://boxd.it/29Sk,4.5
2026-02-26,Perfect Blue,1997,https://boxd.it/1W7A,4
2026-02-26,Before Sunset,2004,https://boxd.it/2bcg,3.5
2026-02-28,The Hangover,2009,https://boxd.it/1GjK,3
2026-02-28,The Hangover Part II,2011,https://boxd.it/PZI,2.5
2026-02-28,Shutter Island,2010,https://boxd.it/1U82,4
2026-02-28,Inception,2010,https://boxd.it/1skk,3.5
2026-03-02,Autumn Sonata,1978,https://boxd.it/1Rio,5
2026-03-02,8½,1963,https://boxd.it/2aqm,4
2026-03-02,Forrest Gump,1994,https://boxd.it/728,3
2026-03-02,Star Wars: Episode III – Revenge of the Sith,2005,https://boxd.it/27US,3.5
2026-03-02,Reservoir Dogs,1992,https://boxd.it/2agc,3.5
2026-03-02,Jarhead,2005,https://boxd.it/70m,3.5
2026-03-02,American Psycho,2000,https://boxd.it/28Vs,3
2026-03-02,Hereditary,2018,https://boxd.it/hNVe,3
2026-03-02,The Social Network,2010,https://boxd.it/17ue,3
2026-03-02,Home Alone,1990,https://boxd.it/29Fg,2.5
2026-03-02,Deadpool,2016,https://boxd.it/9fOC,3
2026-03-02,The Incredibles,2004,https://boxd.it/1XLm,3
2026-03-02,The Amazing Spider-Man 2,2014,https://boxd.it/3utM,3
2026-03-02,How to Train Your Dragon 2,2014,https://boxd.it/2TRW,2.5
2026-03-02,Jumanji,1995,https://boxd.it/1ZLI,2.5
2026-03-03,X2,2003,https://boxd.it/1a7i,2.5
2026-03-03,Spirited Away,2001,https://boxd.it/2b4m,3
2026-03-03,Enemy,2013,https://boxd.it/5xtO,3.5
2026-03-04,The Maze Runner,2014,https://boxd.it/5YPM,2
2026-03-04,Snatch,2000,https://boxd.it/2b7U,4
2026-03-04,Pulp Fiction,1994,https://boxd.it/29Pq,4.5
2026-03-04,Green Book,2018,https://boxd.it/hErk,3
2026-03-05,The Godfather Part III,1990,https://boxd.it/2aN6,2
2026-03-06,All Quiet on the Western Front,1930,https://boxd.it/2b2g,4
2026-03-08,Incendies,2010,https://boxd.it/Msm,4
2026-03-08,Cinema Paradiso,1988,https://boxd.it/1UlA,3
2026-03-08,Cure,1997,https://boxd.it/1blA,4.5
2026-03-08,The Matrix,1999,https://boxd.it/2a1m,4
2026-03-09,Gone Girl,2014,https://boxd.it/6hQu,4
2026-03-10,The Man Who Sleeps,1974,https://boxd.it/3xwE,4.5
2026-03-11,Breathless,1960,https://boxd.it/2aIK,3.5
2026-03-12,Decalogue IV,1989,https://boxd.it/C8w,3
2026-03-12,The Gentlemen,2019,https://boxd.it/iYBQ,3.5
2026-03-12,Doctor Sleep,2019,https://boxd.it/i5vI,0.5
2026-03-13,The 400 Blows,1959,https://boxd.it/2b1C,4
2026-03-13,The Piano Teacher,2001,https://boxd.it/2886,4
2026-03-13,Everything's Gonna Be Great,1998,https://boxd.it/2R36,3.5
2026-03-13,The Pursuit of Happyness,2006,https://boxd.it/28PE,3.5
2026-03-14,Cars 2,2011,https://boxd.it/H4Y,2.5
2026-03-14,Planes,2013,https://boxd.it/4Na2,2
2026-03-15,Sherlock Jr.,1924,https://boxd.it/298m,4
