Date,Name,Year,Letterboxd URI,Rating,Rewatch,Review,Tags,Watched Date
2025-09-25,It has to be lived once and dreamed twice,2019,https://boxd.it/bauDlv,5,,"<blockquote><b><i>""to be a one at all, one must be a many. More like a flame, than a stone""</i></b></blockquote>
When I finished this thing, a terrifying chaos tormented my mind for a long time. Thanks for giving me an existential crisis full of hallucinations in the middle of the night. Loved it.",,2025-09-25
2025-10-06,Isle of Dogs,2018,https://boxd.it/bhHi7B,4.5,,I bite.,,2025-10-06
2025-10-08,The Lighthouse,2019,https://boxd.it/biFF0D,4.5,,I wasn't really expecting to see Robert Pattinson aggressively jorking his shit then crying. Beautiful movie.,,2025-10-07
2025-10-11,Amélie,2001,https://boxd.it/bknnud,3,,"filmin renk paleti ve mizahi anlatısı Wes Anderson'ın stilini andıran bir kartpostal estetiği yaratıyor. Bu masalsı görselliğin arkasında, senaryo geri planda kalmış gibi. ""anlaşılamama"" teması, güzel bir fikir olmasına rağmen, duygusal derinlikten yoksun ve yüzeysel bir şekilde işlenmiş. Karakterlerin yapaylığı, izleyiciyle empati kurmayı imkânsızlaştırdı benim için. İzlemesi zevkli olsa da tekrar izleyeceğimi sanmıyorum.",,2025-10-09
2025-10-13,Casablanca,1942,https://boxd.it/bm8kJH,4.5,,"<i><b>""here's looking at you kid.""</b></i>",,2025-10-13
2025-10-15,G.O.R.A.,2004,https://boxd.it/bn3GCx,3,Yes,goradayız oğlum,,2024-07-06
2025-10-16,Into the Wild,2007,https://boxd.it/bnxqLj,3,,"En azından ruhu olan her insanın hayatının bir döneminde hayalini kurduğu bir ölüm biçimi vardır. Kahramanca değil, bir ideal uğruna değil, trajik, iyi, kötü, zengin, fakir değil. Sadece huzurlu. Sadece kendisi ile. Etrafını saran dogmalardan, ardı arkası kesilmeyen sidik yarışlarından çevrenin koştuğu başarı standartlarıyla toplumun bok kokan bakışlarından uzakta herhangi bir yerde.

 Alex'in kaçışından önceki tüm kareler bu yapaylığın, başkaları mutlu olsun diye yaşanan bir hayatın sahneleri. Kaçışı burda paradan değil tam olarak bu hayattan. Filmde yüceltilen bir yaban değil aşağılanan bir toplum yapısı olduğunu göremememek mümkün değil. Bu iğrenç yapaylıktan kaçarak kendi hayatını yaratmaya çalışan bir çocuğa 'şımarık' veya 'aptal' diyen herkes filmde eleştirilen o çürümüş sistemi oluşturanlardır.

  
ama maalesef bu harika tema, -belki gerçek bir hikayeden uyarlandığı içindir de- bu kadar tahmin edilebilir ve basit bir şekilde işlendiği için etkisini baya azaltıyor, en azından benim için. Tekrar izleyeceğimi düşünmüyorum.",,2025-10-14
2025-10-18,Come and See,1985,https://boxd.it/boMMcz,5,,"this shit felt like getting raped, pissed on, and having my limbs cut off alive and every other thing that could make a human feel disgust and fear ",,2025-10-17
2025-11-01,Brokeback Mountain,2005,https://boxd.it/byAFfR,3.5,,kyk'da oda arkadaşımla izledik,,2025-11-01
2025-11-07,Texas Chainsaw Massacre,2022,https://boxd.it/bCJ4ij,0.5,,"kuzenimin ısrarı ile izlemiştik belki orijinale benzer diye. Hayatımda gördüğüm en rezil kurgu, izlerken utandığım başka film hatırlamıyorum",,2025-11-07
2025-11-07,Spider-Man,2002,https://boxd.it/bCJvq5,3,,ben bunla geldim bunla giderim kardesim,,2005-11-18
2025-11-23,The Dictator,2012,https://boxd.it/bO2S1p,1.5,,baya dandik ve sıkıcı. toplamı 3 dakika falan olan bobby lee sahneleri dışında güldürmedi,,2025-11-23
2025-12-02,Midsommar,2019,https://boxd.it/bTW2lT,4,,type shit,,2025-12-01
2025-12-04,Gone Girl,2014,https://boxd.it/bVkxtV,4.5,,"""Panoptikon: merkezdeki bir gözetleme kulesinin etrafına dizilmiş hücrelerden oluşan ve mahkumun her an izlenebileceği şüphesiyle kendi davranışlarını sürekli kontrol altında tuttuğu bir hapishane modelidir. Gözetleyen görünmezdir, ancak gözetlenme ihtimali süreklidir ve bu da iktidarı otomatik hale getirir.""

Nick ve Amy o evin içinde hem birbirlerinin gardiyanı hem de mahkumu aynı bir panoptikon gibi. Dışarıya karşı ""mükemmel çift"" pozu keserken, içeride birbirlerini en çıplak, en canavar halleriyle gözetliyorlar. Asıl dehşet Desi'nin kanı değil (zaten ölmesi beni baya rahatlattı ezik piçin) , Nick'in o kapıdan çıkıp gidememesi. Çünkü biliyor ki Amy’nin kurguladığı o hikayeden kaçış yok. O son bakış ""sonsuza dek suç ortağı"" yaşayacaklarının korkunç görüntüsü. Tabi medyanın kitlelerin kontrolündeki etkisi ve modern evlilik eleştirileri gibi bariz noktalara paragraflar dökmeye gerek yok. 
AMA
Amy'nin hikayesini FBI ve polisin tamamdır knk sen evine geç diyip bu kadar kolay yutması, o kadar kan o kadar kamera biraz gerçeklikten kopardı beni. Ayrıca Go dışında hiçbir karakterle bağ kuramıyorsun, hepsi kasıtlı yapılmış bir şekilde birer satranç taşı",,2025-12-03
2025-12-07,Tony Robbins: I Am Not Your Guru,2016,https://boxd.it/bXtldd,0.5,,GOD I FUCKING HATE THIS MF,,2025-12-07
2025-12-08,SAVING İLKER CANİKLİGİL,2025,https://boxd.it/bYvakZ,,,ilker canikligilin isminin geçtiği en iyi yapım 👏👏,,2025-12-08
2025-12-11,Memories of Murder,2003,https://boxd.it/c0biIX,5,,"Muhtemelen hayatımda izlediğim en iyi final. Mavi yeşil ve kırmızı renkleriyle dahice renk paleti kullanımı ve kamera açıları. Uzun bir süredir bir hikayenin içine bu kadar gömülmemiştim.

Filmde geçen cinayetlerle alakalı bilinmeyen detaylarda çok can alıcı noktalar var. 1980'lerin o baskı ortamında polis ""birini bulmak"" zorundaydı. O kadar çok insanı haksız yere alıp, dövüp, aşağıladılar ki soruşturma sürecinde işkence edilen veya korkutulup tehdit edilen en az 4 şüpheli intihar etti. Polisler, seri cinayetlerden birini ""taklitçi işi"" sanıp masum bir adamı günlerce uykusuz bıraktı ve işkenceyle suçu kabul ettirdi ve bu adam suçsuz yere 20 yıl hapis yattı. Filmdeki engelli çocuğun trenin önüne atlaması gerçeklerin birer gölgesi sadece. Bu filmde sadece katili bulamamanın değil masumları koruyamamanın, hatta masumları koruması gereken otoritelerin onları resmen kurban etmesinin utancı da var.

devletin tüm mekanizmalarını rejimi korumak için kullandığı 80'ler güney kore diktatörlüğünde devlet o kadar güçlü ki bir düğmeye basarak tüm şehrin elektriğini kesebiliyor herkesi sığınağa sokabiliyor ama aynı devlet tarladaki bir sapığı yakalamaktan aciz. Aynı devlet kendi polis teşkilatına destek göndermekten, delilleri koruyabilmekten aciz. 

Finaldeki o popüler bakış ise her şeyi özetliyor. Bu ucuz bir ""filmi izleyecek katile not"" değil. Katil bir canavar değil, kalabalığın içinde kaybolan ""sıradan"" biri. Ve o bakış, bu suça ortak olan o sistemin ve sessiz kalan herkesin üzerinde.",,2025-12-10
2025-12-20,The Guilty,2021,https://boxd.it/c7XtxZ,1,,"jake baba rezil rüsva bir yönetmenin eline düşmüş, ben sanki salağım da gerilmem gerektiğini hatırlatsın diye outlast oynuyormuşum gibi bas bas müzikler, iğrenç ışık kullanımı, hollywood tarzı her şeyin aşırılaştırıldığı iğrenç rezil bir remake. ironik olan da senaryodaki her bir detayı hatta karakterin ettiği küfürleri bile birebir kopyalayıp finalde bebeği yaşatarak trajediyi yumuşatmışlar sanki en kötü nasıl yapabiliriz der gibi. Jake Gyllenhaal'ın boğazı düğümlenip sesi karşıya gitmesin diye kendini kastığı o tuvalet sahnesi ise tek kelimeyle harika. Müthiş bir metot oyuncusu olduğu her rolünden belli adamın ama yönetmen ve senaristin aşşırı aşşırı aşırı tutumu yüzünden, orijinaldeki o minimalist ve tekinsiz duygular yok olmuş. keşke izlemeseydim amk.",,2025-12-20
2025-12-26,Once Upon a Time in America,1984,https://boxd.it/ceKAv9,5,,"üzerine konuşmak istediğim tonlarca şey var. kesinlikle tekrar izleyeceğim ve o zaman bunları gördüğümde çok yüzeysel detaylara boğulmuşum gibi kalabilir. kafamda hala o telefonun zangırtısı varken yazıyorum.

ÖNCELİKLE VE EN ÖNCELİKLE noodles inanılmaz bir orospu çocuğu. sinema tarihinin en büyük güvenilmez anlatıcısı (gone girldeki gibi) olabilir. Film 2 saat boyunca bize Noodles'ın sadık bir romantik olduğunu yaşanan olaylarda, 33 ve 68 yıllarının sahnelerinde acıklı deniro bakışlarıyla, arkadaki hüzünlü müziklerle kendini masum bir antihero olarak tanıttı. Zaten üzerine en çok yazmak istediğim filmin en büyük kırılma noktası olan tecavüz sahnesinde de bunun ne kadar büyük bir dolandırmaca olduğunu izlerken ben de tecavüze uğrayarak fark ettim. Noodles bir eylem adamı değil, ama tam olarak fat moe gibi bir izleyici de değil.Moe bunu kabul etmiş bir ezik, Noodles ise kabullenememiş bir kompleksli. Aradaki fark, Noodles'ın tehlikeli olması. olayların içinde olmak istiyor ama bir şey yapmıyor. Çocukluğunda tuvaletten Deborah'ı izlediği sahneler gibi noodles genel olarak bir izleyici gibi, partneri max tarih yazıyorken o hapiste. prohibition kalkmadan elinizdeki parayla yatırım yapın ortak olun politikacılardan destek alın teklifine karşı çıkan ""biz kendi halimizde iyiyiz karışmayalım paramız var"" diyen de çetenin işlerinden en uzak olan da o. Noodles filmin ilk yarısında belli başlı falsoları olan ezik bir karakter gibi hissettiriyor. ihanet hikayesini bilmedğimiz için muhtemelen küçük bir hata etmiştir veya elinde olmayan bir yanlış yüzünden pişmandır gibi düşündürtüyor. Filmin genel olarak mafya çevresindeki kadın düşmanlığını vurgulayan temayla birlikte Noodles'ın sadece ezik bir manipülatör olduğunu düşünüyordum. Özellikle Debroah ile sahilde yattıkları sahnede. Kendisine onu hapiste her gece onu düşündüğünü kendisine okuduğu incil kesidini söylediği şiir okuduğu romantik tavırların zaten bir yalan ve manipülasyon olduğu belli, kendisi hapishaneden çıktığı saniye rastgele bi kadının üzerine atlıyor zaten. ama bu onu bir yalancı ve bir manipülatör yapar. ve yeterince iyi gizler ve dramatik müziği dayarsan bunlar bir adamı tamamen kötü, en azından şeytani yapmaz. Bu sadece filmin ilk yarısındaki Noodles. Kendisinin nasıl bir şeytan nasıl bir sülük olduğunu görmeden öncesi.

Deborah ulaşılamayan bir hayaldi. O gettodan temiz çıkmış tek insandı çocukluğunu gördüğümüz tüm karakterler her türlü pisliğin içine girmişken ve bence en önemlisi Deborah dışında çocukluğunu gördüğümüz tek kadın olan peggy'nin fahişelik yaparak mafya ekibine dahil olmasını izlerken Deborah kitap okuyor babasının dükkanının arkasında bale çalışıyor şiirler okuyordu. Deborah, Noodles'ın asla sahip olamayacağı o meşru hayatın simgesiydi. Noodles, Peggy gibi kadınları parasıyla alabiliyordu ama Deborah'ın temsil ettiklerine ulaşması mümkün değildi. Noodles'ın silahıyla ya da parasıyla erişemediği, sadece uzaktan (tuvalet deliğinden) izleyebildiği bir kutsallıktı. Noodles'ı asıl delirten reddedilmek değil, Deborah'ın ona 'Sen buraya ait değilsin' diyişiydi. Noodles bunu naz yapmak sandı ama Deborah ciddiydi. Bütün mekanı kapatıp garsonlara parayı saçtığında, küçük özel bir orkestra kurup okyanus kenarı manzaraya karşı dans edince Deborah'ı etkileyeceğini sandı. Ama karşılaştığı şey Noodles'ın ezikliğinin farkında olan acıyarak bakışıydı. Deborah zengin olmak değil sınıf atlamak istiyordu.Ve o limuzinin arka koltuğuna bindiklerinde, Noodles'ın maskesi düştü. O ana kadar oynadığı 'aşık ve mahzun adam' rolü bitti, içindeki o kompleksli getto faresi o iğrenç ezik orospu çocuğu ortaya çıktı. Filmin en büyük kırılma noktası olarak bu sahnede bütün o mahzun bakışlar tüm dramatik müzikler yok oldu. Noodles o sahnede Deborah'a duyduğu aşktan değil, ona sahip olamamanın verdiği o aşağılık öfkesinden saldırdı. Onu satın alamamanın verdiği öfkeyle onu kirletmek istedi. Sahnenin bu kadar uzun ve müziksiz tutulması bariz bir tercih. Arabanın şoforüne bile aldanmadan kimse dönüp bakmıyor, kimse 'dur' demiyorken. Dünyanın en kalabalık şehrinde, o arabanın içi kadar ıssız ve lanetli bir yer daha yok ve bunu dakikalarca o arabaya gömülmüş gibi izlemek irreversible'dan binlerce kat daha iğrenç. Bu sahneden sonra Noodles tamamen ölü bir adam. 

Ve tabi ki Max.
Eğer Noodles bu hikayenin kalbi ve zaaflarıysa, Max safi akıl ve hırstır. Noodles ne kadar geçmişe saplanıp kaldıysa, Max o kadar geleceğe, güce ve kaosa aşıktı. Noodles'ın o ezikliği ne kadar tehlikeliyse, Max'in o hesapçı kibri de o kadar tehlikeliydi. Her nasıl ilk olarak Noodles'ı tuvalet deliklerinden insanları izlemesiyle gördüysek, Max'i de ilk olarak arabanın üstünde insanlara yukarıdan bakarken gördük. Max Noodles'ı sadece kendi çıkarları için bir piyon olarak kullandı ve salak duygusallığından nefret etti. Onu hapishaneden aldığında zaten Noodles'ın çoktan çeteden atılmış olduğu belliydi. İşler kötüye gittikten sonra o Tanrı kompleksiyle, babası gibi bir bakımevinde çürüyerek, sıradan bir ölümlü gibi gitmektense Merkez Bankasına saldırıp devlete kafa tutarak ölmek istedi.Ve bunun için Noodles'a ihtiyacı vardı. Max'in o delirmiş gibi duran halleri, o megaloman nutukları aslında Noodles'ı o noktaya, yani ihanete itmek için kurgulanmış bir oyundu. Max, Noodles'ın karakterini o kadar iyi çözmüştü ki, onun dostunu kurtarmak bahanesiyle kendini ihbar edeceğini adı gibi biliyordu. Hatta bunu istiyordu. Prohibiton cenazesi sonrası baş başa kaldıkları sahnede, masadaki o telefon ahizesini eliyle düzelttiği o milisaniyelik an İşte filmin bütün kilidi oradaydı. O hareket bir tik değildi Noodles'a bilinçaltından gönderilmiş sessiz bir kışkırtmaydı ""Ne yaptığını biliyorum ve göz yumuyorum. Beni ihbar et. Ben efsane olarak öleceğim, sen de vicdan azabıyla yaşayacaksın."" Noodles o telefonu titreyerek çevirirken özgür iradesiyle bir karar verdiğini sanıyordu ama aslında Max'in yazdığı final sahnesini oynuyordu. Max o gece istediğini aldı o bankaya gitti, ölümüne kadar güvendiği arkadaşlarının yanında yanarak öldü. Geriye ise yaşayan bir ölü, susturulamayan bir telefon sesi bıraktı. 


Ve her şeyin sonunda, o zangır zangır çalan telefon sesi.. O ses Noodles'ın vicdanıydı ve susmuyordu. Noodles o sesten kaçmak için kendini o Çin afyon tekkesine attı, dumanı ciğerlerine çekti ve film bitti. 1933 yılında FİLM BİTTİ.bütün 1968 sahneleri, Noodles'ın yaşlılığı, Max'in aslında ölmemesi, Bakan Bailey olması, o frizbi sahnesi... Bunların hiçbiri yaşanmadı. Bunlar, arkadaşlarını ölüme gönderdiği gerçeğiyle yüzleşemeyen Noodles'ın, o ranzada sızıp kalırken vicdanını temizlemek için cukcukcuk çektiği afyonun rüyasıydı. Böylece vicdanının sesi susacaktı. çünkü bizim bu ezik orospu evladımızın kurguladığı o saçma 1968 hayallerinde aslında Max ölmemişti hatta ve hattaaa bakan falan olmuş inanılmaz mevkilere gelmiş ve Noodles'ı kandırmıştı Noodles 35 sene vicdan azabı çekmiş. Max onun parasını karısını hayatını gençliğini çalmıştı (her biri BİRER BİRER tutarsız). artık hırsız, hain ve ezik bir orospu çocuğu değildi. Bir şekilde kendini kurban durumuna düşürmeyi başarmıştı bu rüyayla. Öyle bir rüya ki prohibition kalkarsa diye konuştukları yatırım tartışmasında Max'in politikacılar tarafından korunacağız lafına Noodles'ın politikacılardan nefret ederim lafının üzerine hayal etmiş gibi Max en başarılı politikacılardan biri oluyor onca cinayete hırsızlığa tacize tecavüze rağmen öyle hop istediği gibi en tepeye ulaşıveriyor. Öyle bir rüya ki kendisinin satın alamadığı o ulaşamadığı saf ve masumiyeti temsil eden Deborah bi anda sevdiği adamın en yakın arkadaşıyla bir çocuk yapmış. Noodles'ı reddetmesinin ana sebebi olan kara para ve mafyanın kirli parası bi anda tamamen önemsiz olmuş ve Max ile evlenmişti? Böylece elde edemediği kadın da artık o ulaşılamayan kadın değildi, Max onu çok daha fazla para ve mevkiyle alabilmişti, Noodles afyonu öyle bir çekmişti ki rüyasında sadece arkadaşlarını ölüme götürmenin vicdan azabını değil reddedildiği kadının seviyesini de indirebildiği kadar indirerek yaşadığı aşağılık kompleksini de silivermişti. 


Ve kapanıştaki o gevşek kafası güzel deli gülümseyiş. Noodles o gülüşle, 35 yıllık bir yalanı gerçeğe tercih ettiğini mal mal gülerek itiraf ediyor. O sırıtış, Hepsini kandırdım, en çok da kendimi kandırdım ve bu hikayenin kurbanı olmayı başardım demenin sırıtışı. Zamanı yenemedi ama zamanı o dumanın içinde dondurdu. Perde kapandığında Noodles, ihanetiyle ve cesetlerle dolu 1933'te değil kendi yazdığı, kendisinin istisnasız hayatın her alanında masum bir kurban olduğu o gevşek masalın içinde sonsuza dek gülümsüyor. O TELEFON ARTIK ÇALMIYOR.",,2025-12-26
2025-12-27,Alphaville,1965,https://boxd.it/cfLG45,3,,"çok yorucu bir deneyim. aşırı parlak veya aşırı loş ışıklar, gürültülü ve kirli sesler tamamen bi anda kesilen diyaloglar, kasıtlı olarak izlemesi en zor hangi hale gelebilirse godard o hale getirmiş tam bir fransız yeni dalgası kuralları ne kadar yıkabilir ve izleyiciyi ne kadar hırpalayabilirse diye elinden geleni yapmış. nasıl bir şizofreni atağı yaşadıysa şu yazıp yönettiği film blade runnerdan matrixe çoğu distopik sinema kurgusunun fikir babası. equilibrumdaki duyguların yasaklandığı distopya konsepti tamamıyla bu filmden alınmış. e tabi ilk onları izleyip sonra atasını görünce insan garip oluyor, gerçekten çok yoruldum ve indirdiğim altyazıları senkronize etmekte zorlandığım için godardın filmini postmodern bir çorba haline getirmek istemesinden ötürü bir diyalogda 4 dilde konuşan aktörler beni boks torbasına çevirdi",,2025-12-27
2025-12-31,Seven Samurai,1954,https://boxd.it/ck4gsz,4.5,,"""In the end, we lost this battle too. The victory belongs to those peasants. Not to us.""

 Seven Samurai, sadece senaryosunun kusursuzluğuyla değil, sinema tarihinin ""alfabesini"" değiştiren o kusursuz görsel diliyle neden her zaman baktığım neredeyse her filmle alakalı essayler için yüzbinlerce kez referans alındığını çok iyi anladığım bir başyapıt. Daha önce izleyemediğim için utanıyorum.

Modern gözlerin geniş ekrana (klasikleşen 16:9 ratio'ya) alışık olduğu bir dönemde, Kurosawa’nın 1.37:1 Academy Ratio tercihi, bir kısıtlama veya zorluk gibi hissettiriyor olabilir başlarda ama o dar çerçeve, 7 samurayı ve köylüleri aynı kadraja sıkıştırarak inanılmaz bir ""birlikte"" olma hissi yaratıyor. Dikey derinliğin bu kullanımı yağan yağmuru, göğe kalkan mızrakları ve o klostrofobik orman dokusunu üzerinize yıkıyor. Film sizi izleyici koltuğundan alıp, o çamurun ve sıkışmışlığın tam ortasına bırakıyor. Bu oranın aynı zamanda gözü yormadan ve sürekli ordan oraya ekranı süzmenizi engellediğinden 200 dakikalık bu filmi hiç yorulmadan bitirmenize yardımcı olduğunu düşünüyorum. Çünkü şimdiye kadar izlediğim 3 saatin üzerindeki neredeyse her filmde en azından belli başlı 20 30 dakikalık yerlerin temposunun aşırı düşmesinden, pacingin yavaşlığından veya filmi anlamak için harcadığım efordan yakındığım oldu.

Kurosawa seyirciyi aptal yerine koyan, ""bakın şimdi ne hissediyoruz, şimdi bu karakter bu yüzden böyle aha böyle olmalı aha şimdi üzülelim"" diyen o ucuz diyaloglara veya filler sahnelere asla başvurmaz. Her şey ""Show, Don't Tell"" ile işlenir. Grubun hiyerarşisini anlamak için kimsenin rütbesini söylemesine gerek yok, sadece Kambei’nin duruşuna, ışığın kimin yüzüne düştüğüne veya bir karakter konuşurken diğerlerinin nasıl pozisyon aldığına bakmanız yeterli. Bayrağın dalgalanışından mezar tepeciklerinin duruşuna her şey inanılmaz bir düzende yapılmış. Bu, bilinçdışına işleyen ve otomatik olarak algıladığınız bir dil. İnsana dokunan filmler üreten usta yönetmenlerin çoğunda olan ve beni harika hissettiren bir olay bu.

7 samurayın her biri hikayeye o kadar iyi katkı sağlıyor ve o kadar iyi işlendi ki muhtemelen aralarında en az screen time almış olan Gorobei bile öldüğünde inanılmaz üzüldüm. Feodal düzenin iğrençliği ve köylülerin fakirliğinin birer erdem değil onları canavara çeviren bir hastalık olarak filtresiz gösterilmesi harika. Onurun bir anlamının kalmayışı, yüzyıllardır devam eden sınıfsal çatışma ve iğrenç ataerkil hiyerarşide her şey o kadar saydam ki insanın filmi durdurup sövesi geliyor. Shino'nun babasının kızının aşkına bir leke gibi bakıp sırf samurayla evlenemeyeceği için kızının ""değerinin"" düştüğünü ve onu bir mal gibi alıp satmaktan bahsederkenki sefil bencilliği tam olarak Kikuchiyo'nun baştaki tiratında dediği şey evet onlar birer canavar, ikiyüzlü bencil ve korkarlar ama onları bu hale siz getirdiniz.

Filmin en can alıcı noktasıysa ölen hiçbir samurayın birer epik düelloyla, kusursuz bir kılıç ustasının elinde ölmemesi. Her biri ayrı ayrı bok yoluna gidiyor. Kılıcın allahı o insanüstü kyuzo bile çamurun içinde karanlıktan sıkılan kör bir tüfek kurşunuyla onursuzca ve hak etmediği bir şekilde ölüyor. Artık samuray devrinin bittiği ve yerini barutun pragmatizmin aldığını gösteriyor.

Sonda neşeyle pirinç eken köylüler ve tepedeki dört sessiz mezar İşte Kambei’nin Yine kaybettik demesinin sebebi tam olarak bu. O canavar köylüler, hayatta kalma içgüdüleriyle samurayları sadece birer araç olarak kullandılar tarlayı korumak için kiralanmış, işleri bitince de geçmişte bırakılmış birer araç. Samuraylar rüzgar gibi esip geçti, köylüler ise toprak gibi kaldı. Kurosawa finalde bize zaferin değil, hayatta kalmanın ne kadar acımasız, pragmatik ve nankör bir şey olduğunu gösteriyor. İnsan doğasının nankörlüğün ve fedakarlığın üzücü bir sonu. ",,2025-12-30
2026-01-01,Dogville,2003,https://boxd.it/clXUT5,4,,"Öncelikle aradan çıkarmam gereken o teknik rezillikten, Jump Cut denen bu iğrenç numaradan başlamak istiyorum. 
Ben kıytırık bir burs başvurusu için çektiğim bir tanecik 5 dakikalık videoda bile kendimi tek seferde, akıcı ve hatasız anlatabilmek için birkaç saatimi harcayıp onlarca video çekiyorsam dünya çapında bir yönetmenin ""olmadı, kesip yapıştıralım"" deme lüksü olamaz. Düpedüz tembellik. Grace yatağa uzanmışken milisaniye sonra ayakta Tom’u susturuyorsa, bu benim zaman algımla oynamak değil, beni aptal yerine koymaktır. ""Oyuncuyu o duygu durumunda tutamadım, tek seferde çekemedim, o yüzden montajla yamadım"" demenin sinematik karşılığı. Duygusal yoğunluğun zirve yapması gereken anlarda sahnenin ""pıt"" diye kesilmesi, beni filmin içine çekmek yerine yakamdan tutup dışarı fırlattı. Özellikle 3 saat süren bir film için en küçük teknik eksiklikler izleme zevkini korkunç derecede bozuyor. Hele bir de böyle bir deneysel set ortamında ve o tiyatrovari ortamında.

Bu teknik işkenceye rağmen senaryonun beni getirdiği nokta korkunç. Kendimi gecenin 4'ünde bir bebeğin annesinin gözü önünde taranmasına zıplayarak sevinirken buldum. Kaybeden Grace oldu. 3 saat boyunca çocuk gibi mırıldanıp durduğu tanrısal bakış açısından merhametini adaletini ve ahlakını kaybetti. Böylece babasının temsil ettiğini öğrendiğimiz güç yargı ve infaz yöntemini reddederek kaçtığı dogvillede Grace'in ruhunu o kadar kirletip o kadar aşağıladılar ki dönüp babasına sen haklıydın demek zorunda kaldı. Bütün filmin en iyi sahnesi de babasının Grace'e merhametinin en büyük kibiri olduğunu anlattığı monologdu. ""Onları yargılamıyorsun çünkü onları kendinle eşit görmüyorsun. Onları birer hayvan, birer aciz varlık olarak görüyorsun."" Senaryo insanı o kadar bunaltıp o kadar dolduruyor ve aptal yerine koyuyor ki sondaki katliamın her bir milisaniyesinde içinin yağları eriyor ve sen de o suça ortak oluyorsun. 3 saat sövdüğüm köylülerin ilkelliğinden bi farkım kalmadı yoruldum ve tatmin oldum 4/5",,2026-01-01
2026-01-03,Funny Games,1997,https://boxd.it/copBvn,3.5,,"şimdiye kadar izlediğim en lüks sefillik

common sense ve basit hayatta kalma içgüdülerini tamamıyla yitirecek kadar rahat ve konfor alanına yapışmış zengin sefil ezik bir aile. Hayatı boyunca hiç tehlikeli bir durumda kalmamış hiç tedbir alma gereği duymamış bir aile. nezaket maskesiyle o kadar uzun süre yaşamışlar ki karşılarındaki 2 tane canavar, köpeklerini öldürmüş, adamın dizini parçalamış olmasına rağmen hala ""lütfen evimi terk et"" lütfen şu lütfen bu bitte bitte bitte bitte."" Mutfağa yakınken koşmuyor. saldırabileceği mesafeden yalvarıyor, mantıklı konuşmaya çalışıyor. karakterler her bu eziklikle karşılaştığında daha da eğleniyor ve karşılarındakilerin ne kadar zayıf olduğunu fark ettiğinden gardlarını daha da düşürerek giderek daha riskli ve daha aşağılayıcı oyunlara geçiyorlar. 


Abi inanamıyorum adamlar sizi evde tek başınıza bırakıp 2 saat gittiler yine mi kaçamadınız ya? hele o çocuğun maksimum 2 metre olacak bahçe kapısından atlayamaması, tırmanmayı denemedi bile, olduğu yerde zıp zıp zıplayıp geri dönmesi, 70 yaşında romatizmalı dedeler gibi hareket ediyor, hayatında hiç adrenalin görmemiş, bütün motor becerileri tenis kortunda körelmiş. O kapının önündeki acizliği, genetik hattın neden kuruması gerektiğini bağırıyordu.

Bu aile ölmeyi o kadar hak ediyordu ki, kadın bir anda o tüfeğe davranıp fattyi vurduğu anda delirdim. Ben 1.5 saattir sizin en basit hayatta kalma reflekslerini bile gösteremeyişinizin işkencesini çekiyorum, sen ne ara John Wick’e dönüştün de o tüfeği kaptın? zaten olay da tam olarak bunun bir Hollywood klişesinden ibaret olacağını göstermek olduğundan baş psikopatımız kumanda ile geri sardı olayı. Çok garip ve beklemediğim bir andı. Neyse sonuç olarak şu ailenin mutlu bir sona ulaştığını görsem sinirden ekranı parçalardım. Doğal seçilim kazandı, zayıf olan elendi. Özellikle o teknedeki gündelik, bomboş sohbet kısmı ve ardından Anna'nın suya atılmasındaki o acımasız soğukluk. Kadının bir çöp torbası gibi, sıfır dramayla, müziksiz ve sessizce suya itilmesi, işte o donukluk beni baya etkiledi. ",,2026-01-02
2026-01-05,The Hateful Eight,2015,https://boxd.it/crMHGJ,3.5,,"ULTRA PANAVISION 70 İNANILMAZ bir şey.
Görsel olarak en beğendiğim qt filmi bu oldu ki sanırım bundan sonra 10 filmlik filmografisinden geriye izlemediğim sadece jackie brown ve death proof kalıyor. 

Genel olarak beğendim ama pek de şaşırmadım (amaç bu muydu ondan da emin değilim) ve üzerine çok fazla yazacak kadar da senaryosunu beğenemedim. Tim Roth'un oynadığı karakterin Waltz için yazıldığı ve kesinlikle onunla özdeşleşeyen nezaket ve hafif burjuvazi jestlerin kopyalanmaya çalışılması biraz canımı sıktı aktör resmen Waltz'ın King Schultz personasının kötü bir taklidini yapıyor ve her gördüğümde taklalar atıyorum, harika bir fırsat kaçmış.

 Narrative o kadar sinir bozucu ve gereksiz kullanılmış ki, ortada olan olayları bi anda dış ses rastgele bir şekilde filmin ortasında dökmeye başlıyor ve bıraksa 10 dakika sonra zaten anlaşılacak. Sam jackson yine filmi taşımış <b><i>""YOUUUUU GONNN MAAAAAKE A DEEEAAAAALLLL WITTTHHH THIS DIAAABOOOLICALLLLL BIITTCCCHHHHHHHH""</i></b>",,2026-01-04
2026-01-15,It,2017,https://boxd.it/cDNdv7,1,,CGI bulamacı bokta boğulan karikatürize göz işkencesi berbat sığ çirkin ve sıkıcı ❤️,,2026-01-15
2026-01-17,10 Things I Hate About You,1999,https://boxd.it/cFDoST,2.5,,arada bir ergen romantizmi izlemek lazım,,2026-01-16
2026-01-17,Falcon Lake,2022,https://boxd.it/cFKmgn,3,Yes,"yetişkinlerin dünyasına atlayıp boğulan bir çocuğun coming-of-age filmi. 4:3 kadrajın yarattığı atmosfere ve estetiğine bayıldım. Ama bütün filmin üzerine kurulduğu o ""tekinsiz göl"" metaforu ve finaldeki metafizik, sinema tarihinin en bayat numarası. Görsellik 4, Senaryo 2",,2026-01-17
2026-01-18,The Human Condition I: No Greater Love,1959,https://boxd.it/cH0oYx,3.5,,"""Sinema tarihinin en büyük savaş filmi"" diyorlar ama giriş bölümü tam bir sabır testi. 3 koca saat boyunca Kaji hümanizm ve insan hakları uğruna iyilik yapar > Sistem ağzına sıçar dayak yer > hiçbir şey olmamış gibi tekrar iyilik yapar"" döngüsünü izlemekten ciğerim soldu. Bir üçlemenin build up'ı için karakterin motivasyonları fazla çocuksu, olay örgüsü ise pembe dizi kıvamında melodramatik (ki ben trilojilerin ilk filmlerine karşı ekstra tolerasyonum olduğunu da düşünüyorum ama goat denilen bir serinin başı için ilmek ilmek işlenen bir karakter gelişimini ben valla görmedim ). Savaşın çıplak gerçekliğini direkt yüzüme vurmayacağını zaten biliyordum ama, Kaji'nin ""dünyayı sevgi ve mantık kurtaracak"" sanrısını izlemek beni mahvetti. Teknik işçilik ve Nakadai'nin hatırına bir şey demiyorum ama senaryo matematiği bu kadar tembel olmamalıydı. Kaji'nin o pembe dünyasının başına yıkılmasını beklerken yaşlandım. Trilojinin harika sonu ve kusursuz sinematografi için 3.5 veriyorum. ",,2026-01-16
2026-01-18,The Human Condition II: Road to Eternity,1959,https://boxd.it/cH1Kgz,4,,"İlk filmin askeriyede geçen laciverti. Kubrick'in bu filmden ne kadar etkilendiğini fark etmek acayip zevkliydi titredim resmen. paths of glory bürokrasisiyle o koğuş sahnelerini, kıdemlilerin uyguladığı sistematik psikolojik işkence direkt fmj'ın private Pyle yarısının kopyası gibi. Klasiktir saygı duyalıma gerek yok Kubrick bariz daha iyi. 
Senaryo hala tembel. Kaji yine sistemle savaşıyor, yine dayak yiyor ve inanılmaz bir inatla (aptallıkla) hala bürokrasiden medet umuyor. Adamın ağzına boklu terlik sokuyorlar, o hala gidip ""Komutanım dilekçe verelim erlere vurmak yasaklansın"" diyor amk. Bunu istediğiniz kadar trajik hümanizm veya indomitable human spirit'e falan yorun, bütün bu alt metinlerin bir sonucu olarak karakterin gelişimini sadece bu filmin sonunda cephede görmek seyircinin zekasıyla taşak geçmek gibi. tam 6 saat film izledim ve en az 5 saati aynı döngüde geçti. En son sonunda rus tanklarının gelip de gerçekdışı hayalleri ve ""japon ruhunu"" ezmesi ve insanların acı içinde ölmesini biraz görebilmemiz hatrına ve tabi ki nakadai torpiliyle 4 veriyorum. Kişilik gelişimini son 5 saniyede bile olsa görebilmemiz umut verici. Son filmin diğer ikisi üzerinde ne kadar baskın olduğu da bariz.",,2026-01-17
2026-01-19,The Human Condition III: A Soldier's Prayer,1961,https://boxd.it/cI8pNl,4.5,,"Bu filmin de ortalarına kadar tarihin en büyük balonunu izlediğimden neredeyse emindim. Evet, Kaji artık değişmişti. Çalıp çırpmak, adam öldürmek zorundaydı; ilk filmlerdeki götü tutuşan bürokrat değil, hayatta kalmak için mücadele eden bir hayvana dönüşmüştü falan ama yeterli değildi. Ta ki o Rus esir kampına düşüp, Kaji'nin komünistlerden beklediği o ""yoldaşlık"" tokadını yiyene kadar (Esir düşmeden önce, birliği ile yürürken bir Rus mangasının arabadan tecavüz edilmiş kadın attığını gördüğünde zaten sarsılmıştı ama ""milyonda bir olur"" gibi saçma bir geçiştirme ile hayalindeki Kızıl Ordu'yu bozmamak için devam etmişti).

Filmin çok kısa geçilmiş ama bence en büyük dönüm noktalarından biri (148. dakika civarı): O ayrıcalıklı Japon subaylarından (işbirliği yapan döneklerden) biri, yorgunluktan düşüp çuvalı yırttı diye bir esiri çamura gömüp, dalga geçip işkence ederken; yetkili bir Rus subayının görüp anında gelerek ""Yeter! Bu esir ne yapmış olursa olsun bu kadarını hak ediyor olamaz, bir daha böyle gaddarlık görürsem affetmem"" diyip adamı kurtarmasıydı.

ŞU OLAY; Kaji'nin tam 2 film, 6 saat boyunca denediği, uğruna sürekli dayak yediği, aptal yerine konduğu, ağzına terlik sokulduğu, erkekliğiyle dalga geçildiği ama yine ve yine deneyip de yapamadığı şeydi. Fikri doğruydu ama zaman ve mekan hep yanlıştı. Ve ironik olarak tabii ki Kaji bu olayı görmedi, yetkiye sahip birinin insanlığına tanık olamadı. O hayalindeki mükemmellikte bir ordunun var olabileceği fikrinin pratikteki karşılığını asla göremedi.

O yüzden bence bu sahne mahkemeden daha da üzücüydü. Çünkü Kaji aptal biri olmadığı için, mahkemede karşısındaki insanların saf kötü olmadığının, aslında onu sevmeyen tercümanın piçliğine bok yoluna gidip Sibirya'ya sürüleceğinin farkındaydı zaten. O konuşmasını kendine yaptı. Dillerini konuşsa sabaha kadar anlaşacaklarını biliyordu ama elinden bir şey gelmiyordu.

Kirihara'nın ölümü hakkında çok bir şey yazmak istemiyorum; Kirihara pek derin bir karakter değil, Kaji'nin bardağı taşıran son damlası olması için oraya sonradan eklenmiş gibi. Hatta o kadar kısa bir süre gördük ki adamı, bu filmde karşılaşınca hatırlamak için bir süre duraksadım. Neyse ki yıllardır beklenen o karakter gelişimi ile Kaji'nin kuduz bir köpeğe dönüp onu döverek lağıma atıp öldürmesini görebildik. Böylece Kaji'nin bürokrasiyle, ""konuşarak çözebiliriz""le ve şiddete karşı teslimiyet fikriyle yaşayan o ılık götlü beyaz yakalı eski benliğinin de tamamen öldüğüne tanık olabildik.

Esir kampından kaçmasının mutlak ölüm olduğunu bilmesine rağmen yürümeye devam etmesi, o hamur köftesini Michiko'ya sakladığını söyleyip devam etmesi...

""Sana olan yolculuğuma devam edebilmek için bir sürü cana kıymam gerekti. Bir sürü adam öldürdüm. Bunun için nefret etme benden... Şu an dahi sana yürüyorum Michiko, hala yollarımı gözlüyor musun? Yol boyunca sayısız çileler çektim. Artık hepsi geride kaldı.""

Bu kısımları ağzım açık izledim. Zaten kamera kullanımı, hava durumu ve Nakadai babanın oyunculuğundan bahsetmeme gerek yok. Benzeri olmayan bir sanat eseri ve çoğu efsane sinema eseri için bir öncü. Bir insanın ideallerinin ve insanlığının yok oluşunu anlatan inanılmaz bir manifesto.",,2026-01-17
2026-01-22,Inception,2010,https://boxd.it/cLdDf5,4,Yes,"Belki bu yüzden idam edilmem istenebilir ama bu ""sinematik başyapıt""tan 1 puan kırmamın tek bir sebebi var.
Nolan'ın kibri.

Nolan filmleriyle büyüdüm ve bunu da muhtemelen 50 kere izlemişimdir ama yıllar sonra açıp kafamda kalan hype'dan kurtulmam gerekiyordu. Nolan'ı seviyorum, Memento lisede çok uzun bir süre favorimdi ve Memento'da o parçalı kurgu bir şov değil, karakterin çaresizliğinin, o kimliksizleşmenin ve hastalığının ta kendisiydi. Seyirciyi Leonard'ın zihnine hapsedip onunla beraber acı çektiriyordu. Ama Nolan'ın diğer filmlerinde adamın imzası gibi beliren bir Ethos Pathos Logos dengesizliği var. Aşırı duygusal ama mantık dışı filmler için ""all pathos and no logos"" dendiğini baya bi kere okuduğumu hatırlıyorum burada ise durum tam tersi ""All Logos and No Pathos""

Inception'da Cobb'un acısı (Pathos), sadece bir Puzzle Parçası, en son çocuklarına kavuşmasının bir rüya olup olmamasını kontrol bile etmemesi, normalde beni mermiyi alnımdan yemişe çevirmesi gerekirken nolan'ın kurgusu o kadar duygusuz ve steril ki gerçekten sikimde olmadı (genel olarak filmin bu kısmının en vurucu olması gerekmesine rağmen yan karakter cillian murphy'nin babasıyla ilişkisi bile daha uzun işlenmişti) daha doğrusu hikayenin örgüsünün tamamlanmış OLMASI burda baskın oldu. yani yerine oturmuş bir puzzle parçasından fazlası olamıyor en duygusal sahneleri bile. Bunun en büyük sebebi zaten ""All logos"" dediğim kısım.

Logos'un aşırılığından kastım da kimsenin yaratamayacağı kadar sağlam ve ilmek ilmek işlenmiş bir kurguda bile filmin gişede seyirci tarafından anlaşılmamasından o kadar korkuyor ki elleri titreye titreye yazdığı her senaryoya filmin kurgusunun temelini eşşeğe anlatır gibi anlatacak (burda ellen page) bir karakteri araya sıkıştırarak seyircinin zekasıyla alay ediyor. 12 yaşında bir ergenin üzerine yeterince kafa yorunca kavrayabileceği dream in dream kavramını yarım saat açıklattırması gibi. Inception'da o kadar baskın olmuyor bu ama gözüne batıyor. Oppenheimer ve tenet'te arşa çıkıyor bu. Olay örgüsüne yedirerek seyircinin kavramasına bırakmadan yarattığı kuralları veya lore'u dikte ediyor. Özellikle dediğim gibi senaryosunun matematiği kimsenin yapamadığı kadar sağlamken seyircisinin yine de anlayamayacağını düşünerek araya birkaç overexplain sıkıştırması filmin duygu bütünlüğünü de yarıyor. 

Bu küçük detaylar dışında gerçekten başyapıt ",,2026-01-21
2026-01-25,Angst,1983,https://boxd.it/cO0QcJ,4,,"Freud insan zihnini: hayvani dürtülerin merkezi Id, gerçeklikle bağ kuran dengeleyici Ego ve ahlaki yargıç Superego arasındaki bitmek bilmeyen bir savaş alanı olarak tanımlar. Freud, bu çatışmayı muazzam bir metaforla açıklar: Ego, kontrolü elinde tutmaya çalışan zavallı bir süvaridir. Id: at, ise sadece gitmek istediği yere koşan dizginlenemez bir hayvandır. Binici, atı devrilmeden veya uçuruma yuvarlanmadan hedefe götürmek zorundadır. Superego ise bu yolculuğu izleyen ve biniciyi ""düzgün git"" diye sürekli yargılayan sert bir babadır. 

burda katil, Freudyen anlamda tam bir binicisiz at örneği. Zihnindeki denge mekanizması tamamen çökmüş, geriye sadece hırıldayan bir Id kalmıştır. O kadar dürtüsel ve hayvanidir ki hapisten çıktığı saniye girdiği kafede sosisi eliyle, ağzına yüzüne bulaştırarak yiyişi ile karşısındaki kadınlara bakışı arasında hiçbir bilişsel bariyer yoktur. Onun için ""yemek yemek"", ""seks"" ve ""öldürmek"" birbirinden ayrı eylemler değil, Id'in tatmin edilmesi gereken tek bir ham iştahıdır. Bunu zaten filmin en iğrenç sahnesinde çok net görüyoruz kızı bıçakladıktan sonra yaptıkları arasında bir plan veya motif yok, açlık cinsellik ve şiddeti bir arada boşaltıldığı bir sadizm şöleni var. Bu kadar ham ve çiğ bir ""hayvanlık"" ve ""işkence""ye rağmen beni en çok rahatsız eden sahnenin sonrasındaki dış sesin monoloğu:   

""after the act I felt very well.
my head felt lighter 
also my whole body felt lighter
I thought that eveything I did was easier now as if I was floating
 I was in a bright, yes even cheerful mood.""

Yaptıklarının bilincinde ama tek bir gram vicdan, pişmanlık, empati veya sorumluluk hissetmiyor. Bu, psikopatik bir düzenden çok farklı. tamamen dürtüsel ve kontrolsüz bir durum. Plan yapabilmekten aciz, tamamen içgüdüleriyle hareket eden bir hayvan, eğer şans eseri hasta, engelli ve savunmasız bir aileye denk gelmemiş olsaydı asla başarılı olamayacaktı.

 Dürüst ve mide bulandırıcı bir deneyim, etkilendim.  ",,2026-01-24
2026-01-27,Blue Velvet,1986,https://boxd.it/cQJE7v,4,,Heineken? Fuck that shit Pabst Blue Ribbon,,2026-01-27
2026-02-01,Citizen Kane,1941,https://boxd.it/cVaDKh,4,,"Neden modern sinema için bir devrim olduğunu anlamak çok zor değil ama beklediğimin çok altında bir derinlikte ve biraz yavaştı, sıkıldım",,2026-01-31
2026-02-01,One Flew Over the Cuckoo's Nest,1975,https://boxd.it/cVv9s5,3.5,,"Jack Nicholson, LB Top 100 ve herkesin dilinde ama asla beklediğimi vermedi sırf dramatik bir final yaratmak uğruna karakterin açık pencere önünde sızıp kaldığı harika oyunculukların sırtladığı bir balon. güzeldi ama başyapıt beklentimi yavaş yavaş yok etti. 

<blockquote><i>I feel big as a damn mountain</i></blockquote>",,2026-01-31
2026-02-01,Before Sunset,2004,https://boxd.it/cVFAMB,4,,"Birinci filmi izlememin üzerinden çok zaman geçti ve onu izlediğimde bütün film boyunca ilmek ilmek işlenen bir daha görüşemeyecekleri o ilk ve tek buluşma temasının en sonda 6 ay sonra buluşma sözü ile içine sıçıldığını düşünmüştüm. Yani bütün film boyunca süren tüm diyaloglar zaten bu 'elveda' içinken ""bunu bozarak filmin derinliğini mahvetmişlerdi ki 2. ve 3. filmi de yapılabilsin"" yani tüm senaryo literal olarak anı yaşa çünkü bu an bir daha asla yaşanmayacak üzerine kurulu olduğundan bu şekilde düşünüyordum ama bu filmi de bitirince taşlar yerine oturdu o ergen ve çocuksu romantizm yerini pişmanlık ve hayal kırıklıklarının aldığını görünce harika hissettim -yani en azından tekrar buluşan aşıklar romantizmi olmadığını ve hikayenin bir derinliği olduğunu görünce-

 Sonunda hikaye GERÇEK bir hal almış. Celine'in arabada başarısız ilişkilerini özetlerken küçük bir kriz geçirdiğini görmek, Jesse'nin çocuğu uğruna iplerini tutamadığı bir ilişkide işkence çekerek yaşamaya devam etmeyi kabullendiğini söylemesi, tatminsiz hayatlara ve pişmanlık dolu seçimlere evrildiklerini görmek hiç beklemediğim seviyede beni tatmin etti ",,2026-02-01
2026-02-02,The Hourglass Sanatorium,1973,https://boxd.it/cWgLt5,4.5,,"bir ölünün zihninde çürüyüp dökülen çarpık anılar ve zaman mekan anılar üçgeninde kaybolmak.

Belirsiz geçişler ve derin delüzyonlar içinde kaybolduğum için filmin son yarısını tekrar izledim ve üzerine biraz araştırma yapmam gerekti.

Bu filmi anlamak için ağır sembolizmin metaforların ve çürümüş rüyalar olarak çekilmiş sahnelerin okumasını yapmak gerekiyor. literal okuma mümkün değil. Steve Mobia'nın yazdığı analizin SLEEP, DREAMS AND DEATH bölümünde -kesinlikle bakınız- ( http://stevemobia.com/WriteSubPages/sandglass.htm ) göze çarpan bir metaforik okuma var:

 ""Though one can have a dream that is so obviously a dream but the dreamer remains
unaware, Joseph in “The Sandglass” is so caught up in the wondrous machinations of his memory
and imagination that he fails to see his own predicament. A foreboding emissary is the blind train
conductor who haunts the proceedings like a death figure. The train is only shown in the opening
scene with dilapidated carriages full of apparently lifeless people. The train appears to be a
shuttle for dead or dying souls. Just as Jacob continues to sell his fabrics, unaware of their
obvious rot, Joseph continues to believe it is his father’s death he’s witnessing, not his own. As
the film progresses, Joseph begins to loose his own eyesight, while the already decomposing
world around him accelerates in decay. As Joseph loses his sight, objects in the sanatorium
become increasingly closed, nailed up like coffins, and ready to be sent away. The progression of
Joseph’s journey is toward a resolution concerning his father’s death and ultimately his own
mortality while his cherished memories flash brightly for one last time before his vision
extinguishes.""


Bu teoriye göre Jozef, fiziksel ölüm ile bu ölümün zihinsel olarak kabul edilişi arasındaki o tekinsiz ""LİMBO"" bölgesinde hapsolmuştur. Etrafında gördüğü çürüme, zamanın bozulması ve nesnelerin tabutlaşması aslında babasının değil, Jozef'in kendi varlığının sona erişinin dışavurumudur o, babasının ölümüne tanıklık ettiğini sanırken aslında kendi ölümlülüğünün labirentinde son anılarını yaşamaktadır.

Bunu destekleyen ana detaylar ise:

Kör Kondüktör ve Charon Sembolizmi: Tren kondüktörü, ölülerin ruhlarını yeraltı dünyasına taşıyan mitolojik kayıkçı Charon'un modern ve endüstriyel bir alternatifidir. Kondüktörün körlüğü, fiziksel dünyayı değil sadece ölümü gördüğünü simgeler.

Józef'in yolculuk ettiği tren, örümcek ağlarıyla kaplı vagonları ve ceset gibi donuk yolcularıyla aslında ölü veya can çekişen ruhlar için bir taşıma aracıdır.

Mezardan Çıkış ve Giriş: jozef'in sanatoryuma girişi mezar taşlarının arasından gerçekleşir; filmin sonunda ise bir açık mezardan sürünerek dışarı çıkması, onun aslında çoktan yeraltı dünyasına dahil olduğunun görsel bir kanıtıdır.

Doppelganger Deneyim: jozef sanatoryuma vardığında bir pencereden kendi varışını izler. bu ruhun bedenden ayrılma anını veya bir kişinin kendi yaşamına dışarıdan bir izleyici olarak bakmasını temsil eder.

Döngü: sonunda Jozef'in kondüktör kıyafetlerini giymesi ve elinde fenerle körleşerek mezarlıkta yürümesi, onun başlangıçtaki ölüm rehberinin yerini aldığını ve bu araftan çıkışının olmadığını gösterir.

Ayrıca görme yetisini kaybettikçe sanatoryumdaki nesneler giderek daha fazla kapalı, çivilenmiş ve uzağa gönderilmeye hazır tabutlara benzemeye başlar.



Senaryo okumasını geçtim bu nasıl bir görsellik be. Teknik büyücülük. çürümeyi ve yok oluşu el işçiliğiyle inşa etmiş adam set tasarımı nefes alan, can çekişen ve kusulan bir canlı gibi. sanatoryumun duvarlarından sarkan o tozlu kumaşlar, her kadraja sinmiş o hastalıklı küf kokusu ve zamanın fiziksel bir tortu gibi eşyaların üzerine çökmesi, kamera hayalet gibi süzülürken o sürekli değişen ışık tonları mekanı bir rüyadan çok çıkışı olmayan bir mezara dönüştürmüş. Türünün tek örneği bir vibe.



bu arada fun fact: filmin uyarlandığı kitabın yazarı Bruno Schulz, Kasım 1942'de bir Nazi tarafından sokakta vurularak öldürülmüştür. 

",,2026-02-01
2026-02-02,Requiem for a Dream,2000,https://boxd.it/cWRrlT,4.5,,uyusturucu satan anasını satsın,,2026-02-02
2026-02-05,Suicide Squad,2016,https://boxd.it/cZCmtF,0.5,,"Bir şeyin en iyisi olmak zordur, subjektiftir. Ama en kötüsü konusunda bu kadar büyük bir oy birliği sağlamak, neredeyse imkansızdır. Jared Leto, dünya üzerinde daha önce yapılmamış bir seviyede, kolektif bir nefret yaratarak milyon tane adaptasyon arasında en rezil joker olmayı başarmış.

bravo amk. 15 dakika dayanamadım yerin dibine girdim, şu filmin sadece varlığı bile sinema sanatına hakaret, büyük ölçekli bi kadıköy boğası rezaleti",,1919-05-19
2026-02-07,Uncut Gems,2019,https://boxd.it/d0UOUT,4,,"Mükemmel ve aralıksız bir kaos, izlerken nefesimi kesecek kadar anksiyete ve güzel bir final. Gerçekten beğendim, sen gibi bi oçtan beklemezdim sandler.",,2026-02-06
2026-02-08,Saw,2004,https://boxd.it/d1O68j,2.5,,"Bunu izlememin üzerinden muhtemelen bi 7 8 sene geçti ve hiçbir şey hatırlamadığımdan bugün bi bakayım dedim.

Genel olarak sonu dışında film güzeldi zepp karakteriyle alakalı beni delirten 4 tane majör eksiklik vardı öncelikle plot armorla sırf senaryo gereği yaşaması gerektiği için lobotomize edilmiş gibi hareket ederek ellerinde pompalı tüfek ve tabanca ile bi şey beceremeyen polisler, ellerini çözerek zepp'e tuzak kurup onu yakalayan ve zepp'in kafasına tabanca doğrultup yine de elinden kaçıran gordon'ın karısı ve siyahi polis abimizle çatışmalar. Gerçekliğin sınırlarını aşıran ve yetti be dedirten şu zorlama sahneler dışında bir de zepp'in aslında bir piyon olup üstün bir villain tarafından ayarlanmış olması da sequel yeminden başka bir şey değil. Adam 2 gündür vücudunda ölümcül zehirle maraton koşuyor milyonlarca kaçma şansı var ve onu yöneten adam aslında beton üzerinde ölü taklidi yapıyor? 'panzehiri sadece bende olan bir zehir' de ben öyle dedim çünkü gibi bir dayatma. karakterin derinliği 0, onun da bir kurban olduğu gerçeği hiç mantıklı değil izlerken zevk almama engel oldu. Devam filmi çıksın plot twistiyle bitirilmiş. 2.5/5",,2026-02-07
2026-02-08,Mulholland Drive,2001,https://boxd.it/d1ZRhJ,4.5,,kusursuz bir kabus. ,,2026-02-07
2026-02-09,Manic,2001,https://boxd.it/d3mf9n,5,Yes,"<blockquote><i>""Lyle I'm not gonna give you some hokey bullshit speech and tell you that if you come to some epiphany about your dad you're gonna make a breakthrough and everything is gonna be pizzas and blowjobs. Because the fact of the matter is it's quite possible that you're gonna have this rage within you somewhere until you die, man. Either you're gonna learn how to live with it, or you're just gonna go on like you've been doing until you kill yourself or kill somebody else maybe somebody that you care about. ""</i></blockquote>
Ben lisedeyken Chad'in doğum günü pastasındaki mumu söndüremediği kesitin kullanıldığı depresyon hakkında bir editte görüp izlememin üzerine bugün 3. kez izliyorum. Bu filmin üzerimdeki etkisini anlatmam mümkün değil, sanki yüzüme tükürülmüş kadar kişisel.",,2026-02-09
2026-02-09,The Hunt,2012,https://boxd.it/d3vjgl,4.5,,kocaman bi mizantropi krizi,,2026-02-09
2026-02-10,Alone,2008,https://boxd.it/d3SgrL,0.5,,şu boka duygulanan benimle ahbaplık etmesin,,2026-02-09
2026-02-10,Perfect Days,2023,https://boxd.it/d4ghXL,4,,"amor fati, amor fati, amor fati

""Bu hayatı, şu an yaşadığın ve yaşamış olduğun gibi, bir kez daha ve sayısız kere daha yaşamak ister miydin? Bunda yeni hiçbir şey olmayacak, 
her acı, her sevinç, her düşünce ve her inilti, hayatındaki tarifsiz küçük ve büyük her şey, aynı sırayla ve aynı dizide sana geri dönecek.""

Hirayama’nın hayatı, bu düşüncenin sinematografik karşılığıdır. Her gün aynı saatte uyanır, aynı kasetleri dinler, aynı tuvaletleri temizler aynı hamama gider. Modern insan için bu döngü cehennem, monotonluk olarak algılanır. Ancak Hirayama için bu döngü, Ebedi Dönüş’ün olumlanmasıdır. O, her sabah bu döngüye ""Evet"" der. Bu, Nietzsche’nin Zerdüşt’üne atfettiği ""zamanın ve oluşun masumiyeti""ne ulaşma halidir.


Hirayama modern insanın nihilizmine karşı bir ilaçtır

O, anlamı metafizik dünyalarda veya ideolojilerde aramaz anlamı ""yaratır."" Bir ağacın hışırtısında, kurduğu rutinin yavan ve basit duran her bir detayında kendi anlamını inşa etmiştir.

Friedrich Nietzsche’nin düşünce sisteminin omurgasını oluşturan ""Amor Fati"" , ""Ebedi Dönüş"" ve ""Dionysosça Yaşam Olumlaması"" kavramlarının tıpatıp karşılığıdır bunlar. Hirayama, modernitenin hız, tüketim ve statü odaklı ""Sürü Ahlakı""na sırtını dönmüş, kendi değerlerini yaratan ve yaşamın en önemsiz görünen ayrıntılarını dahi kutsal bir ""Evet"" ile kucaklayan bir karakterdir. 

Nietzsche’nin ""Değerlerin Yeniden Değerlendirilmesi"" (Umwertung aller Werte) ilkesinin tam karşılığı bu adamın tuvalet temizliği gibi toplumun ""aşağı"" gördüğü bir işi, bir zanaatkar titizliği ve mutlulukla yapmasında, kız kardeşi tepeden bakarak bunu sorduğunda gururlu bi gülümsemeyle saklamadan onaylamasındadır.  

 Bu film, yalnızca bir yavaş yaşam güzellemesi değildir.
",,2026-02-10
2026-02-15,Sansho the Bailiff,1954,https://boxd.it/d8nbjP,3.5,,"letterboxd ilk 100'den bir kült daha. Film gerçekten güzel ancak izleme zevkinizi deus ex machina'larla zorluyor. O şuna denk geldi, 10 yıldır sakladığı heykel onu kölelikten vali yaptı, zushio Abraham Lincoln oldu köleliği kaldırdı gitti üstüne ceza almadan annesini de bulabildi falan filan gider baya.. zaten yerel bir japon efsanesini izlediğini düzenli olarak kendine yeterince hatırlatırsan gözünüze batan her şeyi buna yedirip esgeçebilirsiniz, adil olmak gerekirse bu tesadüfler zinciri ve senaryo dizimine laf etmek Ergenekon destanını okuyup da 'demir dağı nası delcekler aq' demek gibi bir yüzeysellikle eşdeğer görünebilir, ama mitolojik kökenler, senaryodaki bu aşırı masalsı ve kolaycı çözümlerin seyir zevkini düşürdüğü gerçeğini değiştirmiyor, yani sanırım daha sert bir şey beklemiştim. Anju'nun intihar sahnesi de nefesimi kesti.",,2026-02-15
2026-02-15,Where the Dead Go to Die,2012,https://boxd.it/d8pSLL,0.5,,edgelord,,2026-02-15
2026-02-16,Chekist,1992,https://boxd.it/d9Gmfh,5,,"Some films are watched, some are lived, The Chekist is something you are subjected to. Rogozhkin transforms the camera from a storyteller into the CCTV of a functioning death machine. What we are witnessing here is not fiction, but a cold, routine, and mechanical documentary of the ""Red Terror""—one of the 20th century’s greatest shames—backed by historical data.

The horror lies not in the amount of blood shown, but in the reduction of bloodshed to a ""bureaucratic routine."" There is no music, in its raw form, names are read out one by one, people are lined up against the door, shot in the back of the neck, tied up, thrown onto trucks, and the process is repeated with the indifference of a tax office. What we are watching is not the sick imagination of a screenwriter. Historians confirm that during the Red Terror between 1918-1922, the Cheka summarily executed at least 100,000 (some sources say 200,000) people, just like in this film. That basement was not an exception; it was merely a branch of a massive death factory spread across the entire country, just doing its shift.

The film's intellectual executioner, Srubov, justifies this massacre with this blood-curdling monologue:
<blockquote><i>"" revolution is not an idea. its a living organism. a huge pregnant woman. not the one marx made up and clothed in a white gown. There is a myth about a proliferous woman dressed in a lousy canvas shirt through her body swarm parasites. we gotta squash them all! Especially in this country. where for centuries the respect for the individual is undermined. We, more than anyone, need an iron law-and-order: otherwise our end would be inevitable. But the most frightening thing will be general mutiny. therefore our emerging revolution will only succeed, if we force the storm in the bounds of constructive order. Understand? that's where Marx's white gown comes in ""</i></blockquote>
Srubov sees the revolution as an ""organism that needs to be cleansed of parasites."" This biological metaphor is the common language of totalitarian regimes. While killing people in the basement, Srubov is actually trying to ""crush the parasites"" to reach Marx’s white-gowned dream. But with every pull of the trigger, that white gown gets a little dirtier; what he calls the ""iron law"" turns into nothing but the rusty screech of the winch hoisting dead bodies.

The hypocrisy of the system and the purest form of the state's monopoly on violence smack us in the face most clearly in the scene where the rapist soldier is caught and immediately executed. While the Cheka slaughters thousands of innocents ""in the name of the revolution"" without seeing them as anything more than numbers on paper, it instantly lines up its own soldier against the wall for raping a female prisoner, citing ""breach of discipline."" This scene is not a display of moral justice, but a declaration that the state will not surrender its monopoly on violence to anyone. The message is clear: ""If these people are to be raped (metaphorically or physically), only the State does it. Individual deviance is not allowed; only institutional deviance is permitted."" As Max Stirner perfectly put it in The Ego and Its Own: ""The State calls its own violence law, but that of the individual, crime.""

Srubov's psychological collapse begins to peak the moment he is forced to order his father's execution. This scene is proof of how the system swallows the ""individual."" His father is no longer ""father,"" but a ""counter-revolutionary,"" yet the bourgeois origin that put the father there is actually Srubov's own origin. The fact that the execution is carried out by Srubov's close friend and Cheka comrade Katz is the ultimate irony, showing how hollow the concept of ""revolutionary comradeship"" truly is.

Srubov being locked up in a mental asylum in the finale is the system's final joke. An executioner who feels remorse—that is, who gives a ""human"" reaction—is labeled ""insane"" by the system. Because in this system, being ""sane"" means obeying orders without question and feeling nothing while killing hundreds of people a day. When Srubov is stripped, pushed against the wall, and sprayed with water in the hospital, he has finally identified with his victims.

The film is adapted from Vladimir Zazubrin's 1923 novella The Chip (Shchepka). Zazubrin, who witnessed the workings of the system and those basements from the inside, was executed by firing squad in 1937 for ""espionage"" by the very death machine whose anatomy he had dissected. This fact adds an unscriptable, chilling depth to the production.

The sound design has ceased to be an atmospheric tool and has turned into the rhythmic noise of a working death machine. Instead of unnecessarily dramatized music, Rogozhkin throws the cold mechanics of the system ticking away right in front of us. The crack of gunshots, the thud of bodies hitting the floor, the roar of the truck engine... There isn't a single musical note to let the audience breathe or create an emotional escape space.

A lost masterpiece hidden in the dark corner of cinema history, as shattering as Come and See and deserving of just as much attention. The dictionary definition of ""Underrated.""

5/5

////////////////////////////////////////////

tr


Bazı filmler izlenir, bazıları yaşanır, The Chekist'e ise ancak maruz kalınır. Rogozhkin, kamerayı bir hikaye anlatıcısı olmaktan çıkarıp, çalışan bir ölüm makinesinin güvenlik kamerasına dönüştürmüş. Burada izlediğimiz şey bir kurgu değil, yirminci yüzyılın utançlarından o ""Kızıl Terör"" döneminin, tarihsel verilerle desteklenmiş soğuk, rutin ve mekanik bir belgeseli. Dehşetin boyutu, gösterilen kanın miktarında değil, bu kanın akıtılmasının bir ""memuriyet rutinine"" dönüştürülmesinde yatıyor. Müzik olmadan ham haliyle tek tek isim söylenir, kapıya dizilir, ensesinden vurulur, bağlanıp kamyonlara atılır ve bir vergi dairesi kayıtsızlığıyla tekrar edilir. Bu izlediklerimiz bir senaristin hasta hayal gücü değil. Tarihçiler, 1918-1922 arasındaki Kızıl Terör döneminde Çeka'nın en az 100.000 (bazı kaynaklara göre 200.000) insanı, tıpkı bu filmdeki gibi yargısız infaz ettiğini doğruluyor. O bodrum katı bir istisna değildi tüm ülkeye yayılmış devasa bir ölüm fabrikasının, sadece mesai yapan herhangi bir şubesiydi.


<blockquote><i>"" revolution is not an idea. its a living organism. a huge pregnant woman. not the one marx made up and clothed in a white gown. There is a myth about a proliferous woman dressed in a lousy canvas shirt through her body swarm parasites. we gotta squash them all! Especially in this country. where for centuries the respect for the individual is undermined. We, more than anyone, need an iron law-and-order: otherwise our end would be inevitable. But the most frightening thing will be general mutiny. therefore our emerging revolution will only succeed, if we force the storm in the bounds of constructive order. Understand? that's where Marx's white gown comes in ""</i></blockquote>
Srubov, devrimi ""parazitlerden temizlenmesi gereken bir organizma"" olarak görür. Bu biyolojik metafor, totaliter rejimlerin  ortak dilidir. Srubov bodrumda insanları öldürürken aslında ""parazitleri ezip"" Marx’ın o beyaz elbiseli hayaline ulaşmaya çalışıyor. Ama her tetiğe bastığında, o beyaz elbise biraz daha kirleniyor, ""demir kanun"" dediği şey, sadece cesetleri taşıyan makaranın paslı gıcırtısına dönüşüyor.

sistemin ikiyüzlülüğü ve devletlerin şiddet tekelinin en saf hali, belki de en net şekilde tecavüzcü askerin yakalanıp derhal infaz edildiği sahnede yüzümüze çarpıyor. Çeka, sorgusuz sualsiz binlerce masumu kağıt üzerindeki sayılardan fazlası olarak görmeden ""devrim adına"" katlederken, bir kadın mahkuma tecavüz eden kendi askerini, ""disiplini bozduğu"" gerekçesiyle anında duvara diziyor. Bu sahne, ahlaki bir adalet gösterisi değil, devletin şiddet tekelini kimseye kaptırmayacağının ilanıdır. Mesaj açık: ""Bu insanlara tecavüz edilecekse (metaforik veya fiziksel), bunu sadece devlet yapar. Bireysel sapkınlığa izin yok, sadece kurumsal sapkınlık serbest."" -Max Stirner'in Biricik ve Mülkiyetin'den bu bağlama harika oturacak: ""The State calls its own violence law, but that of the individual, crime.""-

Srubov'un psikolojik çöküşü, babasının infaz emrini vermek zorunda kaldığı anla tetiklenmeye başlar.Bu sahne, sistemdeki ""bireyi"" nasıl yuttuğunun kanıtıdır. Srubov'un babası, artık ""baba"" değil, bir ""karşı devrimci""dir, oysa babasının orada olma sebebi olan burjuva kökeni, aslında oğlu Srubov'un da kökenidir. İnfazı gerçekleştiren kişi ise Srubov'un yakın arkadaşı ve Çeka yoldaşı Katz. Bu durum, ""devrimci yoldaşlık"" kavramının içinin ne kadar boş olduğunu gösteren bir ironidir


Filmin finalinde Srubov'un akıl hastanesine kapatılması, sistemin nihai ironisidir. Vicdan azabı çeken, yani ""insani"" bir tepki veren bir cellat, sistem tarafından ""deli"" olarak etiketlenir. Çünkü bu sistemde ""aklı başında"" olmak, emirleri sorgusuz sualsiz uygulamak ve günde yüzlerce insanı öldürürken hiçbir şey hissetmemek demektir. Srubov, hastanede soyundurulup duvara yaslandığında ve üzerine su sıkıldığında, artık kurbanlarıyla özdeşleşmiştir.


Film, Vladimir Zazubrin'in 1923 tarihli Şarapnel (Shchepka) adlı novellasından uyarlanmıştır ve Sovyetler Birliği'nin dağılma sürecinde, Glasnost döneminin sağladığı ifade özgürlüğü ortamında çekilen ilk ve en sarsıcı yapımlardan biridir. Sistemin işleyişine ve bodrum katlarına içeriden tanıklık eden Zazubrin'in, bizzat tanıklık ettiği o ölüm makinesi tarafından 'casusluk' sebebiyle 1937'de kurşuna dizilerek infaz edilmiş olması ise, yapıma hiç olmayacak kadar destekleyici bir derinlik katıyor.


Ses tasarımı, bir atmosfer aracı olmaktan çıkıp, çalışan bir ölüm makinesinin düzenli gürültüsüne dönüşmüş. Rogozhkin, gereksiz dramatize edici müzikler yerine sistemin tıkır tıkır işleyen o soğuk mekaniğini önümüze atıyor. Silahların patlaması, cesetlerin yere yığılışı, kamyon motorunun gürültüsü... İzleyiciye nefes aldıracak, duygusal bir kaçış alanı yaratacak tek bir müzik notası bile yok.


Sinema tarihinin kuytu köşesinde kalmış, en az Come and See kadar sarsıcı ve ilgiyi hak eden bir kayıp şaheser. 'Underrated' kelimesinin sözlük karşılığı. 5/5",,2026-02-16
2026-02-18,Detachment,2011,https://boxd.it/dbh9CF,3.5,,"filmi gerçekten beğendim ama çok daha iyi olabilirdi. Tüm karakterlerin uğraştığı bir içsel derdi var evet ama hepsi çok yüzeysel işlenen birkaç sahnelik nüanslar olarak kalıyor. Meredith karakteri film boyunca sadece Henry'nin uğraşıp da kurtaramayacağı üzgün ve anlaşılamamış bir çocuk tiplemesinden öteye gidemiyor. Hatta öyle ki meredith yere yığıldığında çocuğun uğradığı zorbalıklara, izolasyonuna, ailesinin baskısına katlanamayışına değil de sanki Henry'nin onu kurtaramayışına, Henry'nin hayatındaki kopukluklara üzülmemiz isteniyor gibi. Özellikle film boyunca sürekli Henry'nin üzgün suratına atılan aşırı yakın çekimler ve bir saat otuz dakika dinmeyen melankolik yaylıların abartı kullanımı da hadi üzülün diye bağırdığından film sana düşünme payı bırakmadan duygusal bir ablukaya alıyor ve pek bir derinliği olmadan içini bayıyor. Henry'nin o detachment kalesinin de başından beri ""ben burada yokum ben sadece geçiciyim"" diyen adamın, sonunda o geçiciliğin yarattığı mutlak yalnızlığa mahkum oluşuyla yıkılışını izlemek harikaydı Usher Evi'nin Çöküşünden yaptığı alıntı da tam isabetti. Genel olarak beğendim.",,2026-02-17
2026-02-21,Possession,1981,https://boxd.it/ddMdy3,2,,"fikir, kağıt üzerinde güzel bir ""varoluşsal trajedi ve sistem eleştirisi"" ama aşırı teatral ve dışavurumcu oyunculuk beni çok baydı. Anna karakteriyle işlenilen alt metin basitçe ""toplumun/devletin/kocasının üzerine dikte ettiği sadık eş modern kadın ev hanımı rollerine başkaldırıyor olması"" bu temanın allahı olarak Bergman'ın Persona'sında  sadece bir bakışla, sessizlikle ve kusursuz bir kurgu ve estetikle 5 dakikada verdiği bu krizi Zulawski burada 2 saat boyunca bağırarak, yerlerde sürünerek, kan kusarak anlatmaya çalışıyor ama alt metni sadece ""bana dayatılan anne/eş rolünü sikeyim"" olan bir fikir için, bu kadar abartılı bir fiziksel şov bir yerden sonra derinliğini yitirip sirk gösterisine dönüyor benim için, yani bitmek bilmeyen monologlar ve tiratların vardığı yer hep aynı ve beni bunalttı. Meşhur metro tüneli sahnesinin neden çok sevildiğini de anlıyorum ama film bana genel olarak geçmedi ve sıkıldım. Finalde Mark ve Anna ölüyor, geriye Anna’nın uysal, itaatkar, öğretmen kopyası Helen ve Anna'nın o iğrenç yaratıktan evrimleştirerek doğurduğu Mark'ın kopyası. Metaforik olarak ideal aile tablosunun yapaylığı ve Mark'ın aslında karısını değil onun otoritesini kabul eden aile kadını hayalini sevmesi vice versa. Genel olarak beğenmedim ve tekrar izleyeceğimi sanmıyorum.",,2026-02-20
2026-02-26,La Jetée,1962,https://boxd.it/diG2VX,4.5,,"izlediğim en iyi deneysel yapımlardan, insan hafızasının fotoğrafik durgun doğasının bir fotoroman olarak bu kadar akıcı bir şekilde hem de 28 dakika gibi bi sürede bu kadar sağlam bir kurgu ve senaryoyla işlenebilmesi inanılmazdı resmen ekrana kitlendim. ",,2026-02-25
2026-03-09,Gone Girl,2014,https://boxd.it/drWNOx,4,Yes,it's twincest.,,2026-03-09
2026-03-11,Breathless,1960,https://boxd.it/dtdyDn,3.5,,Godard'dan izlediğim 3. ve en popüler filmi olan breathless için artık Godard'ın sinemanın biçimine aykırılığı ve abartı ses tasarımları göze batan jump cutlarıyla ve kasıtlı olarak yerleştirilmiş gevşek sekanslara artık alıştığımı söyleyebilirim. yeterince sağlam bir repertuvarım olduğunda kesinlikle bir şans daha vereceğim ,,2026-03-10
2026-03-11,2001: A Space Odyssey,1968,https://boxd.it/dtihAh,5,Yes,zamansız,,2026-03-10
2026-03-14,A Trip to the Moon,1902,https://boxd.it/dvyVJD,,,tekerleğin icadını izlemiş gibiyim,,2026-03-14
2026-03-15,Sherlock Jr.,1924,https://boxd.it/dw67H1,4,,beklemediğim kadar iyi,,2026-03-14
2026-03-15,The Consequences of Feminism,1906,https://boxd.it/dw7Rnj,,,"toplumun dikte ettiği cinsiyet normlarına bir hiciv, üzerinden tam 120 sene geçmiş olsa bile tamamen geçerli olması da cabası",,2026-03-14
